IDS,Income,Solar energy,Num of members,Energy usage
0,8,0,4,1
1,2,0,2,3
2,2,0,4,4
3,3,0,1,3
4,3,0,3,1
5,1,-2,1,1
6,4,-2,1,1
7,3,0,2,3
8,5,0,4,3
9,6,0,4,4
10,3,0,1,1
11,1,0,1,3
12,2,0,1,4
13,2,-2,2,2
14,6,0,5,4
15,7,-2,5,4
16,2,0,2,3
17,3,-2,6,1
18,4,0,2,1
19,6,0,3,2
20,6,0,2,1
21,3,0,4,4
22,2,0,2,1
23,2,-2,1,2
24,5,0,6,3
25,6,0,1,3
26,3,0,2,3
27,3,0,2,3
28,1,0,2,3
29,2,0,1,3
30,3,0,2,3
31,1,0,2,2
32,1,-2,1,1
33,3,-2,1,2
34,5,0,1,3
35,3,0,2,1
36,2,0,3,4
37,2,0,2,2
38,3,1,1,1
39,1,0,3,4
40,7,0,5,4
41,1,0,1,4
42,8,0,2,3
43,4,-2,3,1
44,8,0,2,2
45,5,0,3,1
46,6,0,2,2
47,1,0,6,4
48,4,0,5,4
49,2,0,2,3
50,1,0,2,4
51,3,0,5,3
52,1,0,1,1
53,5,0,2,2
54,6,0,1,1
55,7,0,2,4
56,4,0,1,1
57,4,0,6,3
58,4,0,3,1
59,3,0,1,3
60,5,0,4,2
61,1,-2,1,3
62,1,0,1,1
63,4,0,6,3
64,1,-2,1,2
65,2,0,1,1
66,5,0,4,2
67,8,0,3,2
68,3,0,2,4
69,2,0,2,2
70,2,0,4,1
71,3,-2,2,1
72,6,0,5,3
73,8,0,4,4
74,2,0,4,3
75,4,0,2,3
76,6,0,3,3
77,2,0,5,4
78,7,0,2,4
79,8,0,2,3
80,1,-2,1,2
81,6,0,2,4
82,8,0,4,4
83,5,0,8,2
84,3,-2,3,2
85,6,0,2,1
86,3,0,1,2
87,5,0,4,4
88,2,0,1,1
89,2,0,3,3
90,8,0,4,2
91,7,0,5,3
92,2,0,2,4
93,2,0,1,1
94,3,0,5,4
95,2,0,3,1
96,3,0,5,2
97,8,0,2,3
98,2,0,1,4
99,2,0,1,3
100,1,0,1,1
101,5,-2,4,2
102,6,1,5,4
103,5,0,2,4
104,1,0,6,3
105,8,0,2,3
106,7,0,4,4
107,3,0,1,2
108,8,0,3,4
109,2,0,2,4
110,5,0,5,4
111,8,0,2,4
112,1,0,2,2
113,3,-2,1,3
114,3,0,1,1
115,2,0,3,2
116,1,-2,1,1
117,6,0,4,4
118,5,0,2,3
119,5,0,2,2
120,8,-2,2,1
121,1,-2,4,2
122,2,0,2,3
123,4,0,1,3
124,5,0,3,2
125,3,0,1,1
126,3,0,2,2
127,1,0,1,3
128,4,0,2,4
129,5,0,4,4
130,7,0,2,1
131,4,-2,2,3
132,8,0,3,4
133,3,0,2,3
134,8,0,6,4
135,6,0,2,1
136,2,-2,2,2
137,8,0,2,4
138,6,0,2,4
139,4,0,4,1
140,6,0,3,4
141,3,0,3,3
142,2,0,1,3
143,1,-2,4,1
144,2,0,6,4
145,4,0,3,3
146,5,0,2,4
147,2,0,2,4
148,4,0,3,4
149,1,0,1,2
150,1,-2,1,1
151,4,0,3,3
152,4,0,2,3
153,3,0,2,3
154,8,0,2,4
155,4,0,2,2
156,3,0,3,2
157,6,0,4,3
158,3,-2,1,1
159,1,-2,2,2
160,4,0,3,3
161,3,0,2,4
162,3,0,1,2
163,5,0,2,4
164,1,0,1,3
165,7,0,2,4
166,2,-2,5,4
167,5,0,2,3
168,2,0,1,2
169,1,0,4,3
170,4,0,4,3
171,3,0,1,3
172,1,0,3,2
173,3,-2,2,1
174,7,0,2,2
175,4,0,2,4
176,1,0,1,3
177,3,0,3,1
178,5,-2,1,1
179,8,0,2,4
180,2,0,1,1
181,1,0,2,2
182,4,0,4,4
183,6,0,2,3
184,5,-2,1,1
185,3,0,1,3
186,2,0,7,2
187,8,0,2,3
188,7,0,4,2
189,3,0,2,3
190,5,1,2,4
191,8,0,2,4
192,5,0,2,4
193,2,-2,1,1
194,2,-2,2,2
195,1,0,4,2
196,8,0,4,4
197,5,0,2,4
198,1,-2,1,1
199,3,0,4,4
200,6,0,5,3
201,5,0,5,2
202,4,0,2,1
203,3,0,4,3
204,8,0,4,4
205,8,-2,1,2
206,4,0,4,2
207,3,0,4,4
208,6,0,3,3
209,3,0,5,2
210,3,0,3,3
211,2,0,3,1
212,2,0,2,1
213,2,0,6,4
214,4,0,5,2
215,3,0,2,1
216,4,0,2,4
217,6,0,2,3
218,3,0,3,3
219,3,0,2,1
220,2,0,2,4
221,1,0,4,2
222,5,0,4,3
223,6,0,1,1
224,2,0,3,3
225,6,0,5,4
226,1,0,2,2
227,7,-2,2,1
228,3,-2,2,2
229,2,0,1,1
230,2,0,2,3
231,6,0,3,4
232,8,0,2,3
233,1,0,1,1
234,4,0,2,4
235,3,0,2,2
236,1,0,1,2
237,2,-2,1,2
238,8,0,2,2
239,6,0,2,1
240,2,-2,1,1
241,3,0,1,4
242,2,0,5,4
243,2,0,1,1
244,5,0,3,4
245,4,0,5,2
246,1,0,2,4
247,4,0,7,3
248,6,0,5,3
249,1,-2,4,2
250,3,0,2,3
251,4,0,2,1
252,8,0,2,2
253,3,0,2,4
254,2,-2,4,1
255,4,0,3,4
256,2,-2,1,3
257,2,-2,2,2
258,3,0,2,3
259,4,-2,3,2
260,5,0,2,4
261,8,0,1,4
262,7,0,3,4
263,5,0,3,4
264,3,0,2,4
265,7,0,1,1
266,6,0,2,3
267,8,0,2,4
268,3,1,2,3
269,5,0,4,3
270,7,0,2,4
271,5,0,2,2
272,6,-2,2,2
273,6,0,5,2
274,2,0,2,2
275,4,0,2,4
276,2,0,2,3
277,2,-2,1,1
278,2,0,1,1
279,1,0,1,1
280,2,0,3,2
281,3,0,2,3
282,4,-2,1,1
283,4,0,2,4
284,2,0,2,4
285,3,0,1,1
286,2,0,1,3
287,8,0,2,4
288,7,0,2,1
289,2,-2,1,1
290,2,0,1,1
291,1,-2,2,3
292,2,0,2,4
293,6,0,2,4
294,8,1,3,2
295,3,0,1,1
296,5,0,3,2
297,2,0,2,1
298,4,0,4,4
299,2,0,2,3
300,1,-2,1,1
301,2,0,1,3
302,1,0,2,2
303,2,-2,4,2
304,8,0,3,4
305,2,-2,3,3
306,8,1,4,4
307,8,0,5,4
308,8,0,6,2
309,4,-2,2,1
310,2,-2,3,1
311,3,0,7,4
312,4,0,1,1
313,1,0,4,4
314,3,0,2,3
315,6,0,2,4
316,2,0,1,2
317,5,0,4,4
318,8,1,5,4
319,5,0,2,2
320,2,0,3,4
321,7,1,3,4
322,5,0,1,1
323,1,0,4,4
324,3,-2,1,1
325,8,0,2,4
326,5,0,5,4
327,2,0,3,4
328,6,0,6,2
329,6,0,2,2
330,1,-2,3,2
331,1,0,2,1
332,8,0,2,4
333,1,0,3,4
334,3,0,7,3
335,1,-2,1,1
336,5,0,2,4
337,2,0,1,1
338,1,-2,1,1
339,4,-2,2,3
340,1,0,1,3
341,2,0,4,1
342,4,0,4,4
343,2,0,2,4
344,2,0,2,3
345,2,0,2,2
346,3,0,5,3
347,8,0,2,3
348,1,-2,4,1
349,4,0,6,3
350,4,0,2,3
351,8,0,4,4
352,5,0,1,1
353,7,0,3,4
354,1,0,1,3
355,1,0,2,1
356,6,0,3,4
357,4,0,1,1
358,2,-2,5,3
359,1,0,4,4
360,7,0,6,1
361,5,0,3,3
362,4,0,3,3
363,2,-2,1,3
364,2,0,4,4
365,3,0,1,2
366,3,0,2,3
367,1,0,1,2
368,2,-2,6,2
369,2,0,1,1
370,3,0,2,2
371,4,0,2,4
372,1,-2,7,1
373,2,-2,3,2
374,3,0,1,1
375,4,0,3,3
376,6,-2,2,4
377,2,0,2,4
378,1,-2,3,4
379,8,0,4,2
380,3,-2,2,1
381,3,0,5,3
382,7,0,6,2
383,1,0,6,1
384,3,-2,3,1
385,3,-2,3,2
386,6,0,2,1
387,1,-2,1,1
388,1,-2,5,2
389,2,0,2,3
390,8,0,1,4
391,8,0,2,4
392,3,0,1,2
393,3,0,1,3
394,4,-2,3,1
395,4,0,2,2
396,4,0,5,3
397,8,0,2,4
398,1,0,1,4
399,8,1,4,4
400,3,0,3,1
401,2,-2,2,1
402,1,0,3,2
403,7,0,3,3
404,2,0,2,3
405,2,0,2,2
406,3,0,1,2
407,3,-2,2,2
408,2,0,1,2
409,6,0,3,4
410,3,0,2,2
411,4,-2,1,1
412,3,-2,2,3
413,1,0,2,1
414,5,0,3,3
415,8,0,2,3
416,2,0,1,1
417,2,0,6,4
418,2,0,2,2
419,5,0,3,4
420,2,-2,1,1
421,1,0,2,1
422,8,-2,4,2
423,5,0,1,3
424,2,-2,1,1
425,6,0,2,1
426,3,0,3,3
427,1,-2,1,1
428,1,-2,4,4
429,3,0,3,4
430,4,0,1,3
431,4,0,1,1
432,1,0,3,4
433,8,0,1,3
434,4,0,3,1
435,8,0,5,4
436,2,0,2,1
437,5,0,1,2
438,4,0,2,2
439,2,0,1,3
440,3,0,3,1
441,6,0,3,2
442,1,-2,2,1
443,3,0,2,1
444,2,-2,2,1
445,8,-2,2,2
446,1,0,1,4
447,3,0,2,2
448,2,0,2,1
449,8,0,4,4
450,2,0,1,4
451,7,0,2,3
452,3,-2,5,3
453,2,0,2,4
454,2,0,2,4
455,3,-2,1,1
456,4,0,2,1
457,4,0,3,2
458,6,0,5,3
459,3,-2,2,1
460,5,0,4,4
461,3,0,3,3
462,3,0,3,2
463,2,0,1,3
464,3,0,3,4
465,3,0,5,4
466,5,-2,1,2
467,2,0,2,1
468,1,-2,2,2
469,2,-2,1,1
470,5,0,3,3
471,1,-2,2,2
472,2,-2,1,2
473,1,-2,3,3
474,3,0,6,2
475,4,0,2,4
476,3,0,4,4
477,4,0,3,3
478,4,0,1,2
479,2,0,4,4
480,2,0,1,3
481,2,-2,1,1
482,2,-2,1,1
483,8,-2,2,1
484,2,0,6,4
485,2,0,1,1
486,8,0,5,2
487,4,0,2,4
488,2,0,3,3
489,1,0,1,1
490,3,-2,2,3
491,8,0,2,3
492,1,0,2,3
493,3,0,1,2
494,7,0,2,2
495,5,0,4,4
496,3,0,5,4
497,5,0,4,4
498,4,0,3,3
499,1,0,2,4
500,4,0,1,2
501,3,0,2,3
502,3,0,3,2
503,1,-2,1,1
504,5,0,4,3
505,8,0,5,3
506,8,0,3,2
507,6,0,1,2
508,3,0,2,3
509,1,0,1,3
510,2,0,3,3
511,4,0,4,4
512,8,0,3,2
513,4,0,5,3
514,2,0,3,3
515,8,0,4,3
516,1,0,1,2
517,4,0,4,4
518,1,0,4,1
519,5,0,2,3
520,1,-2,4,1
521,1,0,3,1
522,1,-2,2,2
523,8,0,5,4
524,5,0,2,4
525,4,-2,3,2
526,5,0,5,4
527,3,0,5,2
528,3,0,1,1
529,1,0,1,1
530,2,0,2,2
531,6,0,4,4
532,1,-2,1,2
533,8,0,5,3
534,1,0,3,2
535,6,-2,1,1
536,4,0,2,2
537,8,0,5,4
538,6,-2,1,1
539,5,0,7,3
540,6,0,2,3
541,3,0,3,4
542,3,0,3,2
543,6,-2,3,2
544,1,0,4,3
545,3,-2,3,1
546,2,0,3,3
547,7,0,6,4
548,5,1,2,4
549,1,0,2,1
550,1,-2,1,2
551,6,0,6,4
552,8,1,2,4
553,2,0,3,4
554,2,0,4,4
555,6,0,2,1
556,5,0,4,1
557,3,0,3,4
558,7,0,2,3
559,2,-2,1,1
560,4,0,3,4
561,4,0,1,4
562,5,0,4,4
563,2,0,1,1
564,3,0,2,2
565,1,0,4,2
566,4,-2,4,4
567,4,-2,1,1
568,2,-2,2,1
569,4,0,4,2
570,3,0,6,3
571,3,0,3,2
572,1,-2,3,3
573,5,0,2,3
574,1,-2,1,2
575,1,0,1,4
576,7,0,2,2
577,6,0,4,3
578,2,0,2,1
579,1,0,5,2
580,1,0,4,3
581,6,0,4,2
582,2,0,3,3
583,2,0,1,3
584,1,-2,4,2
585,1,-2,1,2
586,1,-2,1,2
587,4,0,1,3
588,4,0,2,2
589,2,0,1,3
590,2,0,1,1
591,6,0,3,3
592,2,0,1,3
593,5,0,2,4
594,2,0,9,1
595,2,0,1,1
596,2,0,2,3
597,2,-2,4,1
598,1,-2,3,1
599,4,0,2,2
600,2,0,3,4
601,1,-2,2,2
602,3,0,6,2
603,2,-2,1,1
604,8,0,3,1
605,4,0,2,3
606,2,0,1,1
607,3,0,4,4
608,5,0,1,1
609,2,0,3,3
610,1,0,2,1
611,5,-2,2,1
612,6,1,2,3
613,4,0,4,4
614,4,-2,4,2
615,2,0,2,3
616,1,0,2,3
617,8,0,3,2
618,7,-2,2,1
619,1,0,2,2
620,4,-2,2,3
621,4,0,2,4
622,7,0,3,3
623,2,0,5,2
624,4,0,2,4
625,2,0,1,3
626,1,0,1,3
627,7,0,4,2
628,2,-2,1,2
629,1,-2,1,2
630,1,-2,1,2
631,1,-2,3,2
632,3,0,2,3
633,1,0,1,2
634,4,0,5,1
635,1,-2,2,3
636,1,-2,1,1
637,4,0,1,4
638,4,-2,2,2
639,8,0,1,3
640,1,-2,1,1
641,4,0,6,3
642,8,0,2,3
643,1,-2,2,3
644,2,0,5,4
645,2,0,3,2
646,1,-2,5,3
647,4,0,6,3
648,2,0,2,1
649,8,-2,1,1
650,6,0,4,2
651,4,0,6,4
652,4,0,3,4
653,5,0,4,2
654,2,0,1,2
655,3,0,4,4
656,1,0,1,1
657,5,0,5,3
658,8,0,2,4
659,3,-2,1,1
660,4,0,4,4
661,4,0,3,3
662,7,0,2,2
663,8,0,3,2
664,3,0,2,3
665,7,0,3,2
666,1,-2,1,1
667,7,0,2,4
668,1,0,1,1
669,4,0,2,4
670,2,0,2,4
671,4,1,6,3
672,3,0,3,4
673,7,0,2,3
674,8,0,4,4
675,1,0,4,3
676,1,-2,2,1
677,2,0,3,1
678,3,0,5,4
679,6,0,4,3
680,1,-2,1,1
681,2,-2,4,3
682,3,0,2,2
683,4,-2,1,1
684,1,-2,3,1
685,2,-2,4,1
686,8,0,2,3
687,2,-2,4,1
688,5,0,2,1
689,3,-2,1,2
690,2,0,8,1
691,3,0,4,1
692,1,-2,2,1
693,6,0,3,4
694,8,0,3,4
695,2,0,4,4
696,3,0,4,2
697,4,0,2,3
698,8,0,3,1
699,1,-2,1,1
700,1,0,4,4
701,1,0,5,3
702,6,0,4,3
703,2,0,5,3
704,3,0,2,4
705,2,0,1,1
706,3,0,3,4
707,1,-2,1,2
708,5,0,2,4
709,8,0,2,2
710,2,0,2,4
711,3,0,1,3
712,2,0,2,4
713,1,0,1,3
714,2,0,2,1
715,3,0,1,1
716,3,0,3,2
717,4,0,3,4
718,5,0,2,4
719,6,0,1,1
720,4,0,2,4
721,2,-2,2,2
722,3,0,3,4
723,3,0,2,1
724,1,0,2,2
725,2,1,1,3
726,8,-2,4,1
727,3,0,3,2
728,5,0,4,4
729,6,1,4,2
730,6,0,2,1
731,3,0,1,3
732,7,0,1,3
733,5,0,4,4
734,2,-2,2,1
735,4,0,5,4
736,3,-2,3,2
737,4,0,2,3
738,4,0,4,1
739,8,0,4,4
740,3,0,1,3
741,5,0,2,2
742,4,0,2,2
743,8,0,4,4
744,6,0,2,4
745,3,0,3,2
746,1,-2,2,1
747,8,0,3,4
748,1,-2,1,1
749,8,0,2,3
750,1,0,4,4
751,4,-2,2,1
752,3,0,3,1
753,2,0,3,1
754,2,0,3,3
755,2,0,2,3
756,6,0,2,3
757,1,0,1,1
758,1,0,1,1
759,5,0,2,2
760,2,0,2,3
761,5,0,3,4
762,3,0,1,1
763,4,0,1,4
764,2,-2,3,1
765,2,0,5,2
766,5,0,2,3
767,5,0,3,2
768,1,-2,1,1
769,2,0,2,2
770,8,0,2,4
771,1,0,1,2
772,8,0,3,3
773,3,0,1,3
774,4,0,1,1
775,2,-2,1,1
776,2,0,3,2
777,5,-2,1,2
778,4,0,6,4
779,2,-2,1,3
780,4,0,2,1
781,1,0,1,3
782,2,-2,2,1
783,5,0,3,2
784,2,-2,2,3
785,5,-2,2,2
786,1,0,4,2
787,1,-2,5,2
788,7,0,3,4
789,2,-2,2,1
790,2,-2,4,1
791,2,0,1,3
792,1,0,3,4
793,1,-2,1,1
794,2,0,2,2
795,2,-2,6,2
796,7,0,4,3
797,1,-2,5,3
798,4,-2,1,2
799,2,0,2,4
800,6,0,2,3
801,8,1,2,1
802,1,0,2,4
803,4,0,4,1
804,1,0,4,4
805,1,0,4,3
806,2,-2,1,1
807,3,0,1,1
808,3,0,1,1
809,4,0,2,1
810,2,0,1,1
811,4,-2,2,3
812,3,0,2,3
813,2,0,2,3
814,1,-2,5,2
815,3,0,1,4
816,3,-2,2,1
817,3,0,6,4
818,3,0,2,4
819,3,0,3,3
820,7,0,2,1
821,4,0,2,2
822,3,-2,2,1
823,5,0,2,2
824,1,0,2,1
825,2,-2,1,1
826,1,-2,2,2
827,8,0,2,4
828,2,0,3,4
829,2,0,1,4
830,2,0,2,2
831,3,0,2,2
832,3,0,2,4
833,1,-2,1,3
834,1,0,1,2
835,1,0,1,3
836,3,-2,1,1
837,2,0,4,2
838,2,0,3,4
839,2,0,1,2
840,2,0,2,2
841,2,0,2,4
842,6,0,3,3
843,1,0,2,4
844,5,0,4,2
845,4,0,1,1
846,4,0,2,3
847,2,0,3,4
848,1,-2,1,1
849,6,0,2,4
850,3,0,4,3
851,3,-2,2,1
852,8,0,4,4
853,7,0,4,3
854,6,0,2,4
855,1,0,1,2
856,4,0,2,2
857,5,0,2,4
858,5,-2,2,3
859,7,0,3,3
860,2,0,2,2
861,4,0,2,2
862,2,0,1,2
863,3,-2,2,1
864,2,-2,5,1
865,2,0,1,1
866,3,0,2,2
867,6,0,5,3
868,1,0,3,2
869,3,0,1,4
870,2,0,1,1
871,6,0,5,4
872,6,0,3,4
873,2,0,4,4
874,1,-2,5,4
875,4,0,2,2
876,8,0,2,2
877,3,0,2,4
878,4,0,2,3
879,1,0,2,3
880,5,0,3,4
881,2,0,1,2
882,1,-2,3,4
883,2,0,1,2
884,4,0,3,3
885,4,0,2,3
886,3,0,2,3
887,8,0,3,4
888,3,0,2,2
889,6,0,2,4
890,1,0,1,2
891,6,0,4,4
892,1,0,2,1
893,4,0,8,4
894,8,0,3,2
895,8,0,6,3
896,3,0,1,1
897,2,0,1,3
898,3,-2,2,1
899,2,0,2,2
900,2,0,1,2
901,2,0,2,3
902,1,-2,1,1
903,1,0,1,2
904,1,-2,1,1
905,2,0,4,4
906,5,0,2,4
907,2,0,3,4
908,4,0,2,1
909,8,0,3,3
910,2,0,4,4
911,3,0,1,4
912,2,0,5,3
913,4,0,6,4
914,6,0,3,1
915,3,0,4,4
916,4,0,1,4
917,2,0,2,1
918,3,0,1,4
919,4,0,1,1
920,1,-2,5,1
921,2,-2,2,1
922,7,0,2,2
923,1,-2,3,2
924,5,0,1,1
925,7,0,2,4
926,3,-2,1,3
927,3,0,1,2
928,7,0,4,3
929,4,-2,2,1
930,1,-2,2,3
931,8,0,2,2
932,4,0,2,4
933,8,0,3,4
934,5,0,2,3
935,1,-2,1,1
936,7,0,3,3
937,2,0,1,2
938,2,-2,2,2
939,6,0,5,4
940,2,0,1,1
941,2,0,1,2
942,5,0,4,4
943,1,-2,3,1
944,7,0,6,4
945,7,0,3,3
946,1,0,4,3
947,5,-2,1,1
948,2,0,1,2
949,3,0,2,4
950,1,0,4,1
951,6,0,3,2
952,3,0,2,3
953,2,0,1,2
954,3,0,6,4
955,7,0,1,3
956,3,0,2,3
957,6,0,4,4
958,6,0,2,2
959,2,-2,1,3
960,3,0,2,3
961,4,0,4,3
962,6,0,3,2
963,5,0,2,4
964,2,0,1,2
965,3,-2,2,1
966,6,0,4,3
967,2,0,7,4
968,5,0,3,4
969,8,0,4,4
970,1,-2,3,1
971,2,-2,2,1
972,1,-2,1,1
973,3,0,5,2
974,2,0,3,4
975,8,0,3,4
976,2,0,2,4
977,8,1,2,2
978,1,0,2,2
979,6,-2,2,2
980,3,0,2,2
981,2,0,2,1
982,3,0,1,3
983,2,0,2,4
984,8,0,3,1
985,8,0,1,3
986,2,0,2,2
987,2,-2,2,1
988,2,0,2,2
989,4,0,1,2
990,2,-2,2,1
991,2,-2,4,1
992,7,0,2,4
993,8,0,4,4
994,2,0,2,1
995,2,0,5,2
996,3,0,2,3
997,4,0,6,4
998,3,0,1,4
999,1,0,2,4
1000,3,-2,2,1
1001,1,-2,1,1
1002,4,0,4,3
1003,4,-2,1,1
1004,2,0,2,2
1005,2,0,2,2
1006,6,0,5,4
1007,2,0,2,2
1008,2,0,3,3
1009,8,0,4,1
1010,8,1,3,2
1011,3,0,1,1
1012,1,0,3,2
1013,2,0,1,1
1014,4,-2,1,3
1015,3,0,2,2
1016,1,0,2,3
1017,1,-2,1,1
1018,8,0,2,3
1019,3,-2,2,1
1020,6,0,4,3
1021,8,0,2,2
1022,3,0,2,3
1023,1,0,4,4
1024,4,0,1,3
1025,8,0,4,4
1026,6,0,2,3
1027,8,0,5,4
1028,4,0,1,4
1029,5,0,3,4
1030,5,0,3,4
1031,1,0,4,4
1032,2,0,2,3
1033,4,0,3,1
1034,5,0,2,4
1035,1,0,2,4
1036,4,0,6,4
1037,4,0,1,2
1038,5,0,2,3
1039,3,0,2,4
1040,3,-2,2,2
1041,2,0,2,2
1042,7,0,3,4
1043,3,-2,2,2
1044,8,0,3,1
1045,3,0,1,1
1046,4,0,2,4
1047,3,0,2,1
1048,1,0,2,4
1049,2,0,2,4
1050,6,0,3,3
1051,5,0,2,4
1052,3,0,2,1
1053,3,0,2,3
1054,5,0,5,2
1055,4,-2,1,1
1056,3,0,5,4
1057,3,-2,2,2
1058,5,0,2,4
1059,3,0,2,4
1060,4,0,2,1
1061,7,0,3,2
1062,3,0,3,4
1063,1,-2,1,2
1064,8,0,3,3
1065,2,0,3,3
1066,3,-2,3,1
1067,5,-2,2,1
1068,3,-2,1,2
1069,5,0,5,4
1070,2,0,2,3
1071,4,0,2,2
1072,5,0,3,4
1073,1,0,4,3
1074,4,0,2,4
1075,1,0,2,2
1076,1,0,4,4
1077,2,0,3,3
1078,1,0,1,1
1079,3,0,1,2
1080,1,0,5,4
1081,5,0,5,4
1082,3,0,1,2
1083,5,0,3,2
1084,1,0,2,4
1085,5,0,2,3
1086,6,0,3,2
1087,3,0,2,1
1088,1,-2,1,3
1089,8,0,3,4
1090,3,0,2,1
1091,2,0,2,3
1092,1,0,1,4
1093,3,0,4,2
1094,3,0,5,4
1095,5,0,2,4
1096,2,0,4,2
1097,3,0,3,4
1098,4,0,2,3
1099,5,0,4,4
1100,8,0,2,4
1101,4,0,2,2
1102,2,0,3,4
1103,6,0,3,3
1104,3,0,2,3
1105,6,0,3,1
1106,4,0,2,4
1107,1,0,2,3
1108,1,0,1,3
1109,1,0,1,4
1110,8,0,3,4
1111,8,0,2,4
1112,3,0,2,4
1113,1,-2,1,1
1114,8,0,4,4
1115,1,0,3,3
1116,6,0,2,3
1117,1,0,1,2
1118,2,-2,1,1
1119,6,0,4,4
1120,2,0,2,2
1121,4,0,5,4
1122,4,0,2,4
1123,2,0,4,3
1124,1,0,7,4
1125,3,-2,3,1
1126,2,0,2,2
1127,5,0,5,4
1128,1,-2,2,1
1129,1,-2,1,2
1130,2,0,2,3
1131,8,0,10,2
1132,8,0,4,4
1133,2,0,3,1
1134,4,0,4,3
1135,8,0,2,1
1136,2,-2,1,2
1137,2,0,1,1
1138,4,0,2,4
1139,6,0,6,2
1140,2,0,2,3
1141,2,-2,2,1
1142,3,0,2,2
1143,5,0,2,3
1144,5,0,1,1
1145,2,-2,2,1
1146,7,0,4,4
1147,3,0,3,3
1148,1,0,8,4
1149,2,0,2,1
1150,1,0,1,2
1151,6,0,3,4
1152,5,0,3,4
1153,2,0,1,2
1154,3,-2,3,4
1155,2,0,2,2
1156,1,0,2,4
1157,6,0,3,2
1158,1,-2,1,1
1159,2,0,6,2
1160,1,0,1,1
1161,6,0,5,2
1162,2,-2,5,4
1163,2,0,4,4
1164,6,0,2,4
1165,8,0,2,4
1166,4,-2,1,1
1167,6,-2,2,2
1168,7,0,5,3
1169,2,0,3,3
1170,3,0,2,3
1171,6,0,2,4
1172,2,-2,1,1
1173,5,0,1,2
1174,6,0,3,4
1175,1,-2,4,2
1176,4,0,2,4
1177,4,0,4,3
1178,7,1,5,2
1179,5,0,5,3
1180,3,0,1,2
1181,2,-2,3,3
1182,2,-2,6,3
1183,4,0,4,2
1184,3,0,5,3
1185,8,0,6,4
1186,3,0,2,4
1187,1,0,1,1
1188,4,-2,3,1
1189,5,0,4,4
1190,2,0,2,3
1191,7,0,2,4
1192,2,0,4,4
1193,3,0,2,4
1194,8,0,2,2
1195,1,0,1,1
1196,1,0,1,1
1197,6,-2,2,2
1198,2,0,1,3
1199,4,0,5,4
1200,8,0,4,4
1201,3,0,2,4
1202,4,-2,3,2
1203,3,-2,2,1
1204,1,0,1,1
1205,7,0,4,4
1206,2,-2,2,1
1207,3,0,4,2
1208,7,0,3,2
1209,5,-2,2,1
1210,2,0,3,2
1211,6,0,2,3
1212,6,0,2,4
1213,7,0,2,4
1214,4,0,2,2
1215,8,0,2,4
1216,8,0,1,1
1217,2,0,2,3
1218,2,0,2,1
1219,1,-2,1,2
1220,5,0,3,4
1221,3,0,2,3
1222,4,0,2,4
1223,4,0,11,3
1224,1,0,1,1
1225,2,0,2,2
1226,1,-2,1,1
1227,2,0,3,4
1228,2,0,4,1
1229,8,0,2,3
1230,6,0,2,2
1231,5,0,2,1
1232,1,-2,2,2
1233,3,0,3,4
1234,1,0,3,2
1235,2,0,1,2
1236,3,0,3,2
1237,4,-2,4,3
1238,1,0,2,4
1239,1,0,1,1
1240,4,0,5,4
1241,4,0,3,4
1242,2,-2,1,2
1243,2,0,1,4
1244,5,0,4,4
1245,1,0,2,4
1246,3,0,4,2
1247,6,0,3,4
1248,3,0,4,2
1249,3,0,3,3
1250,2,0,2,3
1251,2,0,5,3
1252,4,0,2,3
1253,3,0,1,2
1254,1,-2,1,2
1255,2,0,4,1
1256,6,-2,3,1
1257,8,0,2,1
1258,1,-2,1,1
1259,6,0,3,1
1260,6,0,2,2
1261,4,0,1,3
1262,1,-2,3,2
1263,4,0,3,3
1264,6,0,3,2
1265,4,0,2,1
1266,7,0,2,4
1267,3,0,5,1
1268,3,0,4,4
1269,5,0,4,3
1270,8,0,2,4
1271,4,0,3,4
1272,5,0,1,2
1273,6,0,2,2
1274,3,0,2,3
1275,4,0,3,2
1276,4,0,2,4
1277,1,0,2,3
1278,2,0,2,2
1279,5,0,2,3
1280,3,0,3,2
1281,3,0,2,2
1282,1,0,1,2
1283,1,0,4,3
1284,3,-2,2,3
1285,2,0,1,1
1286,1,-2,1,2
1287,1,0,2,2
1288,3,0,3,1
1289,2,0,2,2
1290,5,0,2,3
1291,3,0,5,1
1292,5,0,2,3
1293,4,0,2,1
1294,1,-2,2,1
1295,6,0,1,2
1296,1,-2,1,2
1297,4,0,2,3
1298,1,0,9,3
1299,2,-2,1,1
1300,1,-2,3,1
1301,7,0,3,2
1302,1,-2,4,3
1303,8,0,2,2
1304,2,0,4,3
1305,6,0,4,3
1306,1,0,3,4
1307,2,0,1,3
1308,3,0,2,4
1309,1,-2,1,1
1310,3,-2,2,3
1311,4,0,3,3
1312,1,0,1,4
1313,5,0,2,2
1314,1,-2,2,1
1315,5,0,3,3
1316,4,0,2,2
1317,3,0,1,2
1318,2,0,1,1
1319,2,0,3,2
1320,3,0,1,1
1321,2,0,2,2
1322,3,0,3,4
1323,8,0,5,4
1324,3,0,2,3
1325,2,0,2,4
1326,5,0,2,1
1327,8,0,2,4
1328,2,0,1,2
1329,2,0,4,3
1330,3,0,1,2
1331,5,0,7,3
1332,5,0,2,2
1333,8,0,4,4
1334,2,0,3,4
1335,2,0,3,3
1336,8,0,2,3
1337,4,0,2,1
1338,4,0,1,1
1339,2,0,2,4
1340,2,-2,1,1
1341,3,0,2,3
1342,6,0,2,4
1343,8,0,2,2
1344,2,0,2,2
1345,2,-2,1,2
1346,1,0,2,4
1347,2,-2,1,1
1348,2,0,2,3
1349,1,0,2,2
1350,1,-2,1,2
1351,5,0,2,3
1352,1,0,4,4
1353,4,0,3,3
1354,8,0,2,3
1355,3,0,5,4
1356,2,0,2,2
1357,8,0,4,3
1358,5,0,2,4
1359,4,0,2,2
1360,5,0,5,3
1361,4,0,5,3
1362,2,0,1,2
1363,4,-2,1,1
1364,4,0,3,4
1365,4,0,6,4
1366,3,0,1,4
1367,2,0,1,4
1368,7,0,3,1
1369,4,0,2,4
1370,2,0,4,2
1371,3,0,2,3
1372,2,-2,1,1
1373,1,0,1,2
1374,1,0,3,1
1375,2,-2,2,2
1376,7,0,5,3
1377,2,0,2,3
1378,4,0,2,4
1379,6,0,2,2
1380,3,0,1,3
1381,1,0,4,4
1382,5,0,3,1
1383,3,0,2,3
1384,4,0,5,4
1385,2,0,2,4
1386,1,0,1,3
1387,3,0,2,2
1388,1,0,3,3
1389,8,0,5,3
1390,2,-2,1,1
1391,8,0,2,3
1392,8,0,4,4
1393,3,0,3,1
1394,4,0,2,2
1395,2,0,1,3
1396,1,0,1,2
1397,6,0,1,3
1398,1,0,1,3
1399,4,0,3,4
1400,4,0,4,3
1401,6,0,4,2
1402,8,0,2,2
1403,4,0,3,4
1404,5,0,2,4
1405,2,0,2,1
1406,7,0,2,4
1407,6,0,3,1
1408,2,0,1,4
1409,4,0,4,4
1410,8,0,4,2
1411,2,-2,1,2
1412,3,0,2,3
1413,1,0,1,4
1414,5,0,4,3
1415,1,-2,2,1
1416,7,0,2,3
1417,4,1,4,3
1418,8,0,4,2
1419,2,-2,1,1
1420,4,0,4,2
1421,4,0,3,3
1422,6,0,2,2
1423,5,0,3,4
1424,8,-2,1,1
1425,3,0,2,3
1426,5,0,3,4
1427,6,0,3,3
1428,1,-2,2,2
1429,3,0,5,4
1430,5,-2,2,2
1431,2,0,6,2
1432,6,0,3,2
1433,2,0,1,2
1434,1,-2,1,1
1435,1,-2,3,1
1436,1,-2,1,1
1437,1,0,2,4
1438,6,0,2,3
1439,6,0,4,3
1440,7,0,2,1
1441,6,1,5,4
1442,1,0,2,4
1443,1,-2,1,2
1444,2,0,2,2
1445,3,0,1,1
1446,1,-2,1,1
1447,7,0,3,2
1448,4,0,2,3
1449,3,0,3,3
1450,3,0,1,3
1451,1,-2,2,2
1452,3,-2,3,3
1453,2,-2,2,1
1454,1,0,1,3
1455,4,0,4,4
1456,3,0,1,1
1457,8,0,4,4
1458,7,0,4,4
1459,8,0,2,4
1460,5,0,3,2
1461,7,0,4,4
1462,2,-2,1,2
1463,8,0,2,3
1464,4,0,2,4
1465,2,0,2,2
1466,6,0,5,3
1467,2,0,3,1
1468,2,0,3,3
1469,2,0,4,4
1470,8,1,2,4
1471,4,0,2,2
1472,3,0,1,1
1473,5,0,2,1
1474,1,-2,2,2
1475,5,-2,4,1
1476,3,0,5,4
1477,2,0,5,2
1478,1,0,3,3
1479,2,0,2,2
1480,8,0,4,4
1481,8,0,2,2
1482,1,0,3,3
1483,1,-2,2,3
1484,3,0,3,4
1485,7,0,4,1
1486,1,0,2,3
1487,1,-2,2,2
1488,2,0,3,4
1489,1,0,1,2
1490,1,-2,1,3
1491,8,0,3,4
1492,7,0,2,4
1493,5,0,2,1
1494,8,0,4,3
1495,3,0,2,3
1496,2,0,3,3
1497,2,0,2,2
1498,8,0,3,2
1499,1,0,2,4
1500,2,0,2,4
1501,1,-2,2,3
1502,2,0,3,3
1503,1,0,2,4
1504,6,-2,2,1
1505,6,0,3,4
1506,4,0,2,2
1507,3,0,2,4
1508,2,-2,2,1
1509,5,0,2,3
1510,3,0,4,4
1511,5,0,2,2
1512,6,0,2,4
1513,3,0,2,3
1514,1,-2,1,1
1515,4,0,3,4
1516,6,1,1,2
1517,8,0,3,3
1518,1,0,1,1
1519,8,0,4,4
1520,1,0,2,3
1521,2,0,1,2
1522,3,-2,2,2
1523,5,0,1,2
1524,6,0,4,4
1525,7,0,2,2
1526,2,0,1,3
1527,1,0,2,2
1528,3,-2,1,1
1529,7,0,2,3
1530,1,-2,1,1
1531,2,0,5,1
1532,1,-2,3,3
1533,6,0,2,2
1534,1,0,1,1
1535,1,-2,3,2
1536,5,-2,3,2
1537,2,0,4,2
1538,3,0,4,3
1539,1,-2,4,1
1540,3,-2,2,3
1541,4,0,4,4
1542,2,0,3,4
1543,3,0,1,2
1544,1,-2,1,1
1545,8,0,2,3
1546,3,0,2,1
1547,3,0,1,1
1548,6,0,1,4
1549,4,0,2,3
1550,6,0,6,4
1551,1,0,2,2
1552,5,0,2,2
1553,5,0,2,4
1554,6,0,2,3
1555,3,-2,1,2
1556,1,-2,3,1
1557,2,0,1,4
1558,4,0,5,4
1559,3,0,3,4
1560,2,0,5,4
1561,2,0,2,4
1562,2,-2,4,3
1563,1,-2,1,1
1564,1,-2,2,1
1565,3,0,2,4
1566,4,0,2,4
1567,8,0,5,4
1568,2,-2,1,1
1569,7,0,4,4
1570,3,0,2,3
1571,6,0,2,3
1572,6,0,7,4
1573,3,0,2,3
1574,1,0,4,3
1575,1,-2,1,2
1576,2,-2,3,1
1577,7,0,5,4
1578,2,0,3,2
1579,2,0,1,3
1580,8,0,4,4
1581,1,-2,2,3
1582,3,0,2,2
1583,5,0,3,3
1584,2,0,4,4
1585,4,-2,3,1
1586,3,0,1,2
1587,2,-2,6,2
1588,7,0,2,4
1589,3,0,2,3
1590,7,0,2,4
1591,1,0,1,3
1592,3,0,1,1
1593,3,-2,1,1
1594,8,0,4,2
1595,5,0,3,4
1596,1,0,2,4
1597,4,0,4,4
1598,3,0,2,4
1599,3,0,2,1
1600,2,0,1,2
1601,2,-2,2,1
1602,6,0,1,4
1603,1,0,2,4
1604,5,0,3,3
1605,1,0,2,1
1606,2,0,1,2
1607,3,0,2,3
1608,4,0,2,4
1609,6,0,1,2
1610,3,1,1,4
1611,4,-2,3,4
1612,3,-2,2,1
1613,2,-2,3,2
1614,1,1,1,1
1615,2,0,2,1
1616,2,0,1,2
1617,3,-2,2,1
1618,1,0,1,2
1619,8,0,3,3
1620,2,0,1,3
1621,6,0,4,2
1622,2,0,2,3
1623,6,0,2,2
1624,1,0,1,2
1625,3,0,1,1
1626,3,0,3,2
1627,6,0,2,3
1628,2,-2,2,3
1629,3,-2,3,1
1630,1,-2,1,1
1631,2,-2,1,1
1632,5,0,7,3
1633,2,-2,2,1
1634,6,0,5,4
1635,5,0,2,1
1636,2,0,3,3
1637,1,0,2,3
1638,2,-2,2,1
1639,3,0,2,1
1640,4,-2,7,2
1641,8,-2,3,2
1642,1,0,1,1
1643,6,-2,2,1
1644,2,0,3,1
1645,8,0,1,2
1646,2,0,4,4
1647,2,-2,5,1
1648,6,0,3,3
1649,2,0,3,2
1650,8,-2,4,2
1651,4,-2,2,1
1652,2,0,1,2
1653,2,0,4,4
1654,2,0,4,1
1655,1,0,2,3
1656,3,0,2,4
1657,2,0,2,4
1658,1,-2,1,1
1659,8,0,2,4
1660,2,0,2,2
1661,2,0,1,4
1662,7,0,2,3
1663,1,0,1,3
1664,3,0,4,2
1665,1,0,7,4
1666,3,0,1,3
1667,5,0,3,4
1668,2,0,2,4
1669,8,0,7,4
1670,1,-2,4,1
1671,7,0,2,4
1672,5,0,3,3
1673,3,0,4,3
1674,5,0,2,3
1675,8,0,5,1
1676,2,0,3,4
1677,5,0,2,3
1678,3,0,2,3
1679,4,-2,3,2
1680,5,0,4,4
1681,3,0,2,2
1682,2,0,3,2
1683,6,-2,1,1
1684,3,0,5,4
1685,6,0,1,4
1686,5,-2,2,1
1687,7,0,2,2
1688,3,0,3,4
1689,1,0,3,3
1690,1,0,2,3
1691,1,0,3,4
1692,4,0,1,4
1693,8,0,3,3
1694,2,0,2,2
1695,8,0,4,4
1696,1,-2,4,1
1697,5,0,2,4
1698,2,0,4,2
1699,7,0,4,4
1700,6,0,3,1
1701,4,0,2,3
1702,7,0,2,1
1703,2,0,2,2
1704,6,0,4,3
1705,1,0,1,1
1706,1,-2,2,1
1707,1,-2,2,3
1708,2,0,2,2
1709,7,0,2,2
1710,2,0,7,3
1711,2,0,2,2
1712,5,0,2,4
1713,1,0,2,2
1714,1,0,1,1
1715,1,0,1,4
1716,1,0,3,1
1717,2,0,2,2
1718,4,0,4,3
1719,3,0,2,1
1720,1,0,1,1
1721,2,-2,1,1
1722,2,0,5,4
1723,2,0,4,3
1724,2,-2,3,1
1725,2,-2,3,2
1726,2,0,2,3
1727,4,0,4,4
1728,2,0,2,2
1729,5,-2,2,2
1730,2,0,3,4
1731,2,0,1,2
1732,1,0,2,2
1733,7,0,5,1
1734,3,0,2,1
1735,3,0,4,4
1736,5,0,2,2
1737,3,0,4,2
1738,1,0,1,4
1739,7,0,3,3
1740,2,-2,4,1
1741,4,0,1,2
1742,5,0,2,3
1743,6,0,2,2
1744,2,0,6,2
1745,3,0,1,3
1746,2,0,4,4
1747,5,0,3,4
1748,8,0,4,3
1749,2,-2,1,1
1750,3,0,2,2
1751,6,0,7,1
1752,2,0,3,1
1753,8,0,2,4
1754,5,0,3,4
1755,4,0,4,4
1756,3,0,2,3
1757,4,0,2,1
1758,4,0,2,2
1759,3,-2,1,2
1760,2,-2,2,1
1761,1,-2,3,1
1762,6,0,1,3
1763,2,0,2,3
1764,8,0,5,4
1765,3,0,2,3
1766,6,-2,1,1
1767,2,0,5,3
1768,2,0,3,3
1769,4,0,2,4
1770,4,-2,3,1
1771,2,0,1,1
1772,8,0,2,4
1773,1,-2,1,1
1774,5,0,1,3
1775,1,0,2,2
1776,3,-2,1,3
1777,2,0,2,3
1778,8,0,1,2
1779,5,0,4,2
1780,4,0,2,2
1781,1,0,4,3
1782,3,0,4,4
1783,3,0,4,2
1784,2,-2,1,1
1785,1,0,3,4
1786,8,0,2,2
1787,3,1,3,3
1788,4,0,2,2
1789,3,1,2,2
1790,7,1,4,2
1791,3,0,3,1
1792,2,0,1,1
1793,8,0,3,2
1794,8,0,6,2
1795,4,0,1,2
1796,1,-2,1,1
1797,4,-2,5,2
1798,3,0,2,2
1799,3,0,4,4
1800,3,0,2,3
1801,1,0,3,2
1802,1,-2,1,1
1803,2,0,4,1
1804,4,0,2,3
1805,7,0,6,4
1806,3,-2,7,2
1807,2,0,1,3
1808,4,-2,1,2
1809,6,0,3,1
1810,3,0,5,3
1811,2,0,4,2
1812,2,0,2,4
1813,5,0,2,4
1814,5,-2,1,1
1815,2,0,2,4
1816,2,0,2,1
1817,1,-2,1,4
1818,5,0,5,4
1819,7,0,2,4
1820,1,-2,1,1
1821,2,-2,1,1
1822,2,0,3,1
1823,1,-2,2,3
1824,2,-2,1,4
1825,5,0,2,1
1826,8,0,3,1
1827,3,0,5,4
1828,1,-2,1,1
1829,5,0,2,3
1830,8,0,2,4
1831,3,0,2,2
1832,1,-2,2,3
1833,4,0,5,3
1834,4,0,3,1
1835,7,-2,1,2
1836,1,-2,3,2
1837,2,0,2,4
1838,1,0,2,2
1839,1,-2,1,1
1840,7,0,2,2
1841,6,0,4,3
1842,3,0,2,3
1843,2,-2,2,2
1844,4,0,2,3
1845,1,-2,1,1
1846,3,0,2,3
1847,3,0,2,3
1848,2,0,2,2
1849,7,0,2,4
1850,8,0,3,4
1851,3,-2,1,1
1852,4,0,5,2
1853,4,0,4,4
1854,5,0,2,2
1855,4,0,5,1
1856,2,0,2,4
1857,1,-2,1,2
1858,3,0,2,3
1859,2,0,3,2
1860,2,0,1,4
1861,2,0,3,4
1862,1,-2,2,1
1863,2,0,1,2
1864,3,0,1,1
1865,3,0,2,3
1866,5,-2,1,3
1867,4,-2,1,1
1868,3,0,1,4
1869,1,0,3,2
1870,4,-2,3,1
1871,8,0,3,3
1872,5,0,1,1
1873,7,1,2,4
1874,1,0,2,3
1875,4,0,2,3
1876,2,0,6,1
1877,6,0,3,1
1878,4,0,2,3
1879,8,0,2,3
1880,6,0,2,1
1881,5,-2,3,3
1882,4,-2,4,3
1883,6,0,2,4
1884,3,0,2,1
1885,3,0,4,3
1886,4,0,3,4
1887,1,0,1,3
1888,5,0,2,2
1889,1,0,1,2
1890,4,-2,2,1
1891,4,0,2,4
1892,7,0,6,3
1893,1,-2,2,1
1894,2,0,2,2
1895,1,0,5,2
1896,2,-2,4,3
1897,2,0,3,4
1898,1,0,4,4
1899,2,0,1,3
1900,4,-2,2,2
1901,3,0,4,4
1902,8,0,7,4
1903,6,0,4,3
1904,4,0,2,2
1905,5,-2,3,1
1906,3,0,2,3
1907,2,0,2,1
1908,5,0,3,3
1909,3,0,2,2
1910,4,-2,1,2
1911,5,-2,1,1
1912,1,-2,2,2
1913,2,0,2,3
1914,4,0,3,4
1915,2,0,6,2
1916,3,0,1,2
1917,1,-2,1,2
1918,6,0,2,4
1919,1,0,2,3
1920,1,-2,1,1
1921,4,0,3,4
1922,4,0,5,3
1923,8,-2,2,1
1924,4,-2,1,1
1925,8,0,2,1
1926,5,0,1,1
1927,5,0,2,4
1928,1,-2,1,3
1929,4,0,3,2
1930,1,-2,2,2
1931,3,0,3,3
1932,2,0,2,2
1933,3,0,5,4
1934,1,0,6,4
1935,1,0,1,4
1936,7,-2,2,2
1937,5,0,2,3
1938,8,0,3,2
1939,1,0,1,1
1940,2,0,1,2
1941,1,0,5,3
1942,2,0,1,1
1943,1,-2,1,1
1944,1,0,1,2
1945,5,-2,1,3
1946,6,0,1,1
1947,3,0,2,1
1948,2,-2,1,1
1949,3,0,3,3
1950,5,0,3,4
1951,8,-2,2,2
1952,2,-2,4,4
1953,2,0,2,3
1954,4,0,5,1
1955,8,0,4,2
1956,8,0,2,2
1957,3,0,1,2
1958,4,-2,3,2
1959,7,0,2,4
1960,4,0,5,1
1961,2,0,4,1
1962,2,-2,4,1
1963,4,0,2,4
1964,4,-2,5,3
1965,2,0,2,2
1966,8,0,2,2
1967,6,0,2,4
1968,8,0,6,4
1969,2,0,2,2
1970,8,0,2,4
1971,1,0,5,3
1972,2,0,3,2
1973,2,0,2,4
1974,2,-2,2,1
1975,1,-2,2,2
1976,3,0,2,2
1977,2,0,2,1
1978,1,-2,1,1
1979,8,0,2,2
1980,7,0,1,3
1981,8,0,2,4
1982,3,0,1,2
1983,7,0,4,4
1984,4,0,2,4
1985,1,0,3,3
1986,6,0,4,3
1987,3,-2,2,1
1988,2,0,2,3
1989,5,1,2,2
1990,3,0,2,3
1991,2,0,1,2
1992,2,-2,2,1
1993,2,0,1,4
1994,6,0,2,4
1995,2,-2,1,4
1996,1,0,1,2
1997,2,0,8,4
1998,1,0,2,3
1999,1,0,1,1
2000,5,0,4,2
2001,3,0,1,1
2002,2,-2,1,2
2003,7,0,7,4
2004,3,-2,2,2
2005,5,0,5,4
2006,1,0,1,4
2007,4,0,3,3
2008,2,-2,1,1
2009,3,0,1,4
2010,2,-2,2,1
2011,4,0,4,1
2012,1,-2,3,1
2013,1,0,2,4
2014,2,0,4,4
2015,3,0,2,3
2016,4,0,3,2
2017,3,0,5,2
2018,8,0,4,4
2019,2,-2,3,2
2020,4,0,6,4
2021,8,0,2,4
2022,4,0,1,2
2023,2,0,3,3
2024,8,0,2,4
2025,7,0,3,4
2026,3,0,3,3
2027,1,-2,1,3
2028,3,0,2,2
2029,2,0,1,4
2030,1,-2,1,1
2031,6,0,2,2
2032,7,0,2,1
2033,3,0,4,4
2034,2,0,4,1
2035,2,-2,3,1
2036,6,0,2,4
2037,1,-2,2,2
2038,8,0,5,4
2039,3,0,2,4
2040,2,0,2,2
2041,4,0,2,1
2042,5,0,1,1
2043,1,0,1,2
2044,7,0,1,2
2045,1,0,2,3
2046,4,-2,2,3
2047,3,-2,3,3
2048,8,0,2,4
2049,2,0,3,1
2050,2,-2,1,2
2051,1,-2,1,1
2052,4,0,1,3
2053,3,0,2,3
2054,8,0,3,2
2055,4,0,3,2
2056,7,0,5,3
2057,3,-2,2,3
2058,3,0,4,4
2059,4,0,3,3
2060,4,0,2,2
2061,3,0,2,1
2062,3,0,2,3
2063,8,0,4,4
2064,2,0,1,3
2065,6,0,4,2
2066,2,-2,2,1
2067,2,-2,2,1
2068,2,-2,2,1
2069,5,0,6,3
2070,4,0,3,2
2071,5,-2,2,1
2072,3,-2,1,1
2073,4,-2,3,1
2074,7,0,3,2
2075,4,0,1,1
2076,3,0,2,4
2077,1,0,1,2
2078,8,0,4,4
2079,4,0,2,1
2080,3,-2,2,1
2081,2,0,4,4
2082,6,0,2,2
2083,3,0,2,2
2084,7,0,2,2
2085,3,0,3,4
2086,2,0,5,4
2087,6,0,4,3
2088,1,0,4,3
2089,1,0,7,4
2090,1,-2,2,1
2091,4,0,3,2
2092,4,0,2,4
2093,2,0,2,1
2094,8,0,3,3
2095,8,0,3,2
2096,1,0,5,4
2097,4,0,1,2
2098,3,0,2,4
2099,3,0,2,1
2100,2,0,1,3
2101,4,0,1,3
2102,2,0,3,2
2103,7,0,3,3
2104,4,0,4,1
2105,8,0,2,2
2106,2,0,2,2
2107,2,0,2,3
2108,1,0,2,3
2109,3,0,1,3
2110,6,0,3,4
2111,7,0,2,3
2112,4,-2,2,2
2113,1,-2,1,1
2114,2,0,1,2
2115,4,0,4,3
2116,2,0,2,3
2117,8,0,3,4
2118,1,0,1,1
2119,5,0,2,3
2120,6,0,2,3
2121,3,0,2,2
2122,8,0,2,4
2123,8,0,2,3
2124,8,0,6,4
2125,3,0,2,3
2126,3,0,3,4
2127,2,-2,4,3
2128,3,0,1,1
2129,4,0,4,3
2130,8,0,2,4
2131,3,0,2,2
2132,6,0,4,3
2133,7,1,1,1
2134,1,0,1,4
2135,3,0,3,2
2136,4,-2,2,1
2137,2,0,1,1
2138,8,0,4,4
2139,4,-2,1,1
2140,1,-2,3,1
2141,5,0,2,3
2142,4,0,3,2
2143,6,1,4,4
2144,8,0,3,3
2145,4,0,1,1
2146,8,0,5,3
2147,3,0,1,2
2148,1,0,1,2
2149,1,0,1,1
2150,8,0,7,3
2151,3,0,6,1
2152,5,0,3,2
2153,4,0,5,3
2154,8,0,1,4
2155,2,0,1,2
2156,1,-2,1,1
2157,8,0,6,4
2158,1,0,1,1
2159,6,-2,2,3
2160,4,0,2,4
2161,2,-2,1,1
2162,8,0,5,3
2163,5,0,4,3
2164,1,0,4,2
2165,4,0,1,1
2166,7,0,6,3
2167,6,0,4,3
2168,1,-2,3,2
2169,4,0,5,1
2170,2,0,3,4
2171,1,-2,2,1
2172,6,-2,2,1
2173,4,0,2,4
2174,1,-2,5,1
2175,4,0,7,4
2176,2,-2,5,3
2177,5,0,2,4
2178,7,0,3,3
2179,4,0,2,2
2180,1,0,1,1
2181,1,0,2,4
2182,1,0,3,3
2183,3,0,3,3
2184,1,-2,2,1
2185,8,0,2,3
2186,1,-2,1,2
2187,4,0,3,2
2188,3,0,1,3
2189,1,-2,4,1
2190,6,0,3,3
2191,2,0,2,2
2192,5,0,2,3
2193,1,0,2,4
2194,1,0,2,1
2195,2,0,3,3
2196,1,0,4,4
2197,5,0,2,2
2198,3,0,2,3
2199,2,0,2,4
2200,4,0,4,4
2201,3,-2,1,1
2202,1,0,2,3
2203,5,0,2,2
2204,3,-2,1,1
2205,3,-2,2,3
2206,2,0,3,3
2207,1,0,2,3
2208,1,0,1,2
2209,3,0,2,4
2210,4,-2,1,2
2211,1,0,1,2
2212,5,0,3,3
2213,3,0,2,2
2214,1,0,1,1
2215,1,0,2,3
2216,1,0,2,2
2217,4,0,2,2
2218,2,-2,2,2
2219,2,0,1,2
2220,4,0,4,1
2221,6,0,2,2
2222,8,0,4,3
2223,4,0,5,3
2224,2,-2,1,4
2225,8,0,2,4
2226,1,-2,3,2
2227,1,0,2,4
2228,5,0,3,3
2229,5,0,5,3
2230,8,0,2,3
2231,5,0,2,3
2232,1,-2,1,1
2233,6,0,2,4
2234,8,0,2,2
2235,3,-2,1,1
2236,2,0,5,2
2237,6,0,2,3
2238,8,0,3,3
2239,1,-2,2,1
2240,3,0,3,2
2241,8,0,7,4
2242,1,0,1,2
2243,8,0,5,3
2244,6,0,2,4
2245,5,0,3,4
2246,3,0,2,2
2247,4,0,5,3
2248,2,0,1,2
2249,2,0,3,2
2250,2,0,3,4
2251,2,0,4,3
2252,4,0,4,2
2253,5,0,2,4
2254,6,0,6,3
2255,2,0,2,2
2256,1,-2,1,1
2257,3,-2,2,1
2258,8,0,3,3
2259,2,-2,3,1
2260,6,0,3,2
2261,3,-2,1,2
2262,8,0,4,4
2263,1,0,6,1
2264,3,-2,1,1
2265,3,0,4,3
2266,2,1,2,4
2267,3,-2,1,3
2268,8,0,2,4
2269,4,0,2,4
2270,3,0,4,4
2271,2,0,1,1
2272,6,0,2,4
2273,6,1,4,3
2274,7,0,4,2
2275,1,-2,1,3
2276,4,0,3,2
2277,8,0,3,4
2278,3,0,3,3
2279,3,0,4,2
2280,8,0,2,3
2281,2,0,1,1
2282,8,0,1,4
2283,6,0,2,1
2284,4,0,1,1
2285,4,0,2,1
2286,1,-2,1,1
2287,2,0,3,4
2288,8,-2,2,1
2289,2,-2,1,1
2290,2,0,1,4
2291,4,0,2,1
2292,3,0,2,1
2293,2,-2,2,2
2294,2,0,5,4
2295,5,0,5,4
2296,3,0,1,2
2297,2,0,1,3
2298,1,0,2,4
2299,1,0,2,2
2300,6,0,5,4
2301,1,-2,1,2
2302,1,0,3,3
2303,1,0,3,2
2304,1,-2,1,2
2305,8,0,3,2
2306,1,-2,2,1
2307,7,0,2,2
2308,1,-2,4,2
2309,3,0,2,3
2310,5,0,2,2
2311,2,0,1,2
2312,2,0,3,2
2313,5,0,2,4
2314,2,0,2,3
2315,3,0,3,4
2316,1,0,3,3
2317,8,-2,2,2
2318,8,0,2,4
2319,2,0,1,2
2320,3,0,3,1
2321,8,0,2,1
2322,2,-2,3,1
2323,2,0,2,2
2324,3,0,2,4
2325,1,-2,1,1
2326,1,0,2,2
2327,2,-2,2,1
2328,4,0,2,4
2329,2,0,3,3
2330,8,-2,1,1
2331,2,0,2,3
2332,1,-2,1,2
2333,2,0,2,3
2334,8,0,2,4
2335,7,0,4,4
2336,2,0,2,3
2337,1,0,2,1
2338,2,0,1,1
2339,7,0,3,1
2340,2,0,1,1
2341,4,0,3,4
2342,3,0,2,4
2343,1,-2,2,2
2344,4,0,2,3
2345,2,0,1,1
2346,7,0,2,2
2347,1,0,1,3
2348,4,0,2,3
2349,3,0,5,4
2350,4,0,3,3
2351,5,0,3,2
2352,8,0,1,2
2353,3,0,2,3
2354,1,0,2,4
2355,3,0,3,4
2356,5,0,2,1
2357,1,-2,2,1
2358,1,-2,2,1
2359,5,-2,5,1
2360,4,0,2,3
2361,2,0,2,3
2362,5,0,5,3
2363,2,-2,2,4
2364,8,0,2,4
2365,2,-2,1,2
2366,3,0,2,4
2367,7,0,2,2
2368,4,0,10,2
2369,2,0,3,3
2370,7,0,3,3
2371,5,0,2,1
2372,2,0,2,3
2373,2,0,2,3
2374,3,0,2,2
2375,2,0,3,4
2376,1,0,5,1
2377,1,0,1,2
2378,2,0,2,4
2379,8,0,2,2
2380,1,-2,1,1
2381,1,0,1,1
2382,3,-2,1,1
2383,3,0,2,2
2384,2,0,1,3
2385,2,0,4,3
2386,3,0,2,4
2387,2,-2,2,1
2388,3,0,1,3
2389,2,0,5,2
2390,5,0,4,4
2391,1,-2,4,3
2392,2,0,4,4
2393,2,0,2,1
2394,4,0,2,4
2395,8,0,5,3
2396,4,0,8,1
2397,8,0,5,2
2398,2,-2,4,3
2399,7,-2,2,1
2400,1,0,1,3
2401,2,0,4,4
2402,1,0,4,1
2403,1,-2,3,2
2404,2,0,2,1
2405,4,0,5,4
2406,8,0,3,3
2407,3,0,6,2
2408,6,0,4,3
2409,2,0,3,3
2410,1,0,4,4
2411,1,-2,4,1
2412,3,0,3,4
2413,2,-2,1,1
2414,6,0,1,4
2415,8,-2,2,3
2416,3,0,4,3
2417,1,0,4,3
2418,5,0,2,3
2419,4,0,2,2
2420,8,0,3,4
2421,8,0,4,4
2422,1,0,2,1
2423,2,0,3,1
2424,8,-2,1,1
2425,3,-2,1,2
2426,1,-2,1,2
2427,2,0,1,4
2428,5,0,4,4
2429,2,-2,4,4
2430,8,0,3,2
2431,2,-2,1,1
2432,4,1,1,2
2433,4,0,5,3
2434,3,0,2,2
2435,5,0,4,1
2436,7,0,2,3
2437,3,-2,4,2
2438,8,1,4,2
2439,2,0,2,1
2440,3,1,2,3
2441,6,-2,2,1
2442,1,-2,1,2
2443,4,0,4,1
2444,4,0,6,4
2445,2,0,2,3
2446,2,-2,2,1
2447,3,0,2,3
2448,2,0,1,1
2449,6,0,2,1
2450,5,0,2,3
2451,1,0,1,1
2452,2,0,2,4
2453,3,0,2,3
2454,3,0,2,3
2455,1,-2,4,1
2456,2,0,2,2
2457,2,0,1,3
2458,2,0,2,3
2459,3,0,2,3
2460,8,0,4,4
2461,2,0,3,4
2462,2,0,4,4
2463,2,0,4,4
2464,1,-2,2,1
2465,8,0,3,3
2466,6,0,2,3
2467,8,0,4,2
2468,4,0,4,2
2469,4,-2,2,2
2470,3,-2,2,2
2471,4,0,2,1
2472,4,0,2,3
2473,4,0,3,4
2474,4,0,4,4
2475,7,0,3,4
2476,7,-2,2,1
2477,2,0,2,3
2478,2,0,1,1
2479,7,0,2,2
2480,7,0,2,4
2481,2,0,2,1
2482,4,-2,3,1
2483,4,0,2,4
2484,2,0,2,3
2485,2,0,4,4
2486,3,0,6,3
2487,2,0,2,3
2488,3,0,2,2
2489,6,0,2,4
2490,3,0,5,4
2491,1,0,2,2
2492,8,0,2,4
2493,2,-2,1,3
2494,2,-2,1,1
2495,1,0,6,4
2496,4,0,2,3
2497,2,0,1,1
2498,4,0,4,4
2499,4,0,3,3
2500,7,0,5,4
2501,7,0,5,4
2502,2,0,1,3
2503,4,0,2,1
2504,5,0,5,4
2505,8,0,3,1
2506,6,0,2,4
2507,2,0,2,3
2508,2,-2,2,2
2509,8,0,2,3
2510,3,0,3,2
2511,5,0,2,4
2512,6,0,1,2
2513,8,0,5,3
2514,2,0,8,2
2515,4,0,2,4
2516,3,0,4,2
2517,3,0,2,1
2518,7,0,2,1
2519,8,-2,1,1
2520,2,-2,3,1
2521,8,0,2,4
2522,4,0,1,1
2523,3,0,4,4
2524,1,0,1,1
2525,3,0,1,1
2526,7,0,2,2
2527,4,-2,2,1
2528,3,0,2,3
2529,3,0,2,3
2530,3,0,3,4
2531,3,0,3,3
2532,3,-2,2,1
2533,1,0,1,1
2534,4,0,2,2
2535,4,0,3,4
2536,2,0,5,4
2537,1,-2,5,1
2538,4,0,2,2
2539,1,0,1,2
2540,4,-2,2,1
2541,3,0,2,4
2542,2,0,4,2
2543,3,-2,1,1
2544,2,0,1,3
2545,8,0,2,2
2546,2,0,2,2
2547,6,0,5,3
2548,3,-2,1,1
2549,2,0,2,3
2550,8,1,3,4
2551,3,-2,2,1
2552,3,0,1,2
2553,2,-2,1,2
2554,1,-2,1,1
2555,8,0,4,4
2556,3,0,5,3
2557,8,1,4,4
2558,6,-2,1,1
2559,1,0,4,3
2560,5,0,2,1
2561,5,0,1,2
2562,3,0,5,3
2563,8,-2,2,1
2564,7,0,3,3
2565,2,0,1,3
2566,3,0,3,3
2567,2,0,1,3
2568,1,-2,3,1
2569,3,0,2,1
2570,4,-2,2,2
2571,6,0,7,4
2572,1,0,2,3
2573,4,0,2,3
2574,3,0,1,2
2575,2,0,3,2
2576,8,0,2,4
2577,3,0,4,4
2578,3,0,3,4
2579,2,0,2,2
2580,1,0,1,3
2581,8,0,2,3
2582,1,-2,2,1
2583,2,0,2,2
2584,2,0,2,3
2585,8,0,4,2
2586,4,0,2,3
2587,1,0,2,2
2588,2,0,1,1
2589,3,-2,1,1
2590,4,0,5,4
2591,3,-2,3,2
2592,3,0,2,3
2593,4,0,2,1
2594,2,0,1,2
2595,5,-2,4,1
2596,5,0,2,3
2597,2,-2,1,2
2598,4,0,2,4
2599,2,0,1,4
2600,2,0,1,1
2601,2,0,1,3
2602,5,0,2,2
2603,2,0,1,2
2604,7,0,3,3
2605,2,0,1,1
2606,3,-2,2,3
2607,2,0,1,1
2608,2,0,2,1
2609,4,0,3,1
2610,5,-2,2,2
2611,3,0,2,2
2612,6,0,2,1
2613,5,0,1,3
2614,1,0,1,2
2615,4,0,4,4
2616,8,0,5,4
2617,1,0,1,1
2618,2,0,4,4
2619,3,0,4,1
2620,2,0,2,3
2621,6,0,2,2
2622,6,0,4,4
2623,2,-2,1,1
2624,8,0,2,4
2625,4,0,2,3
2626,3,0,2,2
2627,2,-2,3,3
2628,5,0,2,3
2629,3,0,2,3
2630,4,0,3,4
2631,3,0,2,2
2632,3,-2,1,1
2633,7,0,6,4
2634,2,0,1,2
2635,2,0,3,1
2636,5,0,6,4
2637,3,0,4,4
2638,6,0,2,3
2639,1,0,2,2
2640,2,0,2,1
2641,4,0,4,2
2642,5,0,3,3
2643,8,0,4,4
2644,4,0,3,3
2645,2,0,1,1
2646,2,0,2,3
2647,4,0,3,2
2648,1,0,4,4
2649,3,0,3,2
2650,2,0,3,3
2651,7,-2,1,1
2652,2,-2,2,1
2653,1,0,4,4
2654,1,0,2,4
2655,2,0,3,4
2656,4,0,2,2
2657,8,0,2,4
2658,8,0,4,2
2659,1,-2,2,2
2660,1,-2,4,3
2661,1,0,2,3
2662,8,-2,2,1
2663,1,-2,2,1
2664,3,0,2,2
2665,6,0,5,4
2666,4,0,2,1
2667,5,0,5,4
2668,6,0,4,2
2669,6,0,1,4
2670,2,0,1,3
2671,3,-2,1,2
2672,4,0,3,4
2673,2,0,1,1
2674,2,-2,5,4
2675,6,-2,1,1
2676,1,0,1,3
2677,4,0,4,4
2678,1,0,1,1
2679,7,0,2,4
2680,3,0,2,1
2681,3,-2,1,1
2682,2,0,1,3
2683,8,0,4,4
2684,7,0,4,4
2685,1,0,1,2
2686,1,-2,1,1
2687,5,-2,1,1
2688,1,0,8,1
2689,1,-2,1,3
2690,3,-2,2,2
2691,3,0,1,1
2692,7,0,4,3
2693,5,0,1,1
2694,3,0,2,4
2695,8,0,4,4
2696,2,0,3,1
2697,2,0,2,1
2698,5,-2,1,1
2699,4,0,2,4
2700,2,0,1,3
2701,1,-2,2,3
2702,2,-2,1,1
2703,1,0,2,2
2704,2,0,1,3
2705,6,0,3,1
2706,2,0,2,2
2707,2,0,6,3
2708,6,0,3,3
2709,8,0,3,1
2710,4,0,3,4
2711,2,-2,4,1
2712,7,0,2,2
2713,6,0,4,4
2714,1,-2,2,1
2715,3,0,2,2
2716,2,0,2,4
2717,6,0,4,3
2718,6,0,4,2
2719,6,0,7,4
2720,6,0,3,4
2721,1,-2,1,1
2722,2,0,2,2
2723,8,-2,2,3
2724,1,-2,4,1
2725,1,-2,5,3
2726,8,0,4,4
2727,1,0,1,1
2728,3,0,4,4
2729,1,-2,4,2
2730,6,0,2,2
2731,8,0,2,2
2732,3,0,3,1
2733,1,0,1,3
2734,8,0,4,1
2735,5,0,1,2
2736,8,0,2,1
2737,3,0,1,1
2738,7,0,2,4
2739,2,0,5,2
2740,8,0,7,4
2741,2,-2,2,2
2742,2,-2,3,1
2743,6,0,6,2
2744,1,-2,4,1
2745,2,0,3,3
2746,2,-2,1,1
2747,1,-2,2,2
2748,2,0,2,2
2749,4,0,2,3
2750,1,0,1,1
2751,2,0,2,4
2752,4,0,6,2
2753,5,0,4,1
2754,2,0,3,3
2755,1,-2,1,1
2756,6,0,2,4
2757,2,0,6,4
2758,6,0,4,1
2759,6,-2,2,2
2760,3,0,4,2
2761,2,0,3,3
2762,8,0,4,4
2763,1,-2,4,1
2764,4,0,5,4
2765,8,0,2,3
2766,5,0,2,3
2767,2,0,1,1
2768,4,0,6,2
2769,5,0,4,2
2770,2,0,1,1
2771,8,0,2,3
2772,1,-2,1,1
2773,1,-2,1,2
2774,2,0,2,2
2775,2,-2,2,1
2776,2,0,2,4
2777,3,0,2,2
2778,2,-2,1,1
2779,5,0,2,2
2780,2,0,5,4
2781,3,0,2,1
2782,2,-2,1,1
2783,1,0,1,2
2784,4,0,2,2
2785,5,-2,1,1
2786,1,-2,2,4
2787,5,0,8,2
2788,2,0,2,3
2789,2,0,2,4
2790,1,0,1,1
2791,6,0,4,2
2792,3,0,1,1
2793,1,0,5,2
2794,8,0,4,2
2795,3,0,1,3
2796,2,0,3,4
2797,1,-2,1,2
2798,1,-2,1,2
2799,4,0,2,2
2800,2,0,1,1
2801,4,0,5,4
2802,6,0,5,3
2803,3,0,2,3
2804,8,0,2,3
2805,3,-2,1,2
2806,5,0,3,3
2807,2,0,1,3
2808,2,0,3,3
2809,4,0,1,1
2810,2,0,4,4
2811,2,-2,1,2
2812,5,0,2,2
2813,7,0,3,3
2814,2,-2,2,2
2815,6,0,2,4
2816,3,0,1,2
2817,4,0,5,4
2818,1,0,1,1
2819,5,0,2,4
2820,2,-2,1,2
2821,8,0,3,2
2822,6,0,5,3
2823,2,0,1,3
2824,6,0,2,3
2825,5,0,2,4
2826,1,-2,1,1
2827,2,0,2,3
2828,8,0,2,3
2829,2,0,1,2
2830,3,-2,2,2
2831,7,0,2,4
2832,2,0,4,2
2833,8,0,4,3
2834,8,0,4,2
2835,8,0,4,2
2836,3,1,2,3
2837,2,0,3,1
2838,8,0,2,2
2839,2,0,2,3
2840,4,0,2,3
2841,2,0,1,3
2842,8,0,3,4
2843,2,0,4,1
2844,2,0,2,1
2845,4,-2,1,2
2846,3,0,2,3
2847,4,0,4,4
2848,3,-2,1,1
2849,6,0,4,2
2850,7,0,2,4
2851,2,-2,2,1
2852,4,0,3,4
2853,3,-2,3,2
2854,2,0,5,4
2855,2,0,2,1
2856,2,0,4,2
2857,2,-2,2,2
2858,4,0,4,4
2859,8,0,8,1
2860,2,0,1,1
2861,6,0,4,4
2862,1,-2,5,2
2863,8,0,2,3
2864,2,0,2,2
2865,2,-2,2,2
2866,1,0,1,4
2867,2,0,4,1
2868,5,0,4,2
2869,7,0,4,2
2870,4,0,1,3
2871,2,0,2,4
2872,4,0,3,3
2873,4,0,4,4
2874,2,0,2,4
2875,2,0,5,2
2876,4,0,4,3
2877,2,0,2,2
2878,2,0,2,3
2879,2,0,1,1
2880,4,0,2,4
2881,1,0,1,1
2882,3,0,1,1
2883,5,0,1,2
2884,8,0,4,4
2885,7,0,1,1
2886,7,0,1,2
2887,7,0,2,3
2888,4,0,2,3
2889,6,0,2,3
2890,8,0,2,1
2891,5,1,3,3
2892,1,0,1,2
2893,2,0,1,2
2894,3,0,2,2
2895,2,0,3,2
2896,5,0,6,4
2897,5,0,3,4
2898,8,0,2,4
2899,4,0,1,1
2900,3,0,2,2
2901,2,0,1,3
2902,4,0,4,2
2903,4,0,1,3
2904,1,0,1,4
2905,3,0,4,4
2906,5,0,2,3
2907,1,0,2,4
2908,8,0,4,1
2909,4,-2,2,3
2910,7,0,3,4
2911,6,-2,2,1
2912,1,0,1,1
2913,4,0,2,4
2914,3,0,8,2
2915,2,-2,1,1
2916,3,0,2,1
2917,1,-2,1,2
2918,6,0,5,4
2919,8,-2,4,1
2920,3,0,3,3
2921,4,0,2,3
2922,3,0,3,4
2923,6,0,5,1
2924,4,-2,1,2
2925,7,0,3,4
2926,4,1,1,3
2927,5,0,4,3
2928,8,0,3,1
2929,3,0,4,3
2930,4,0,4,2
2931,8,0,3,4
2932,4,0,2,3
2933,4,-2,2,1
2934,1,0,3,3
2935,6,0,2,3
2936,3,0,1,4
2937,3,0,1,3
2938,5,0,2,1
2939,2,0,4,2
2940,2,0,6,3
2941,2,0,2,1
2942,2,0,2,3
2943,1,0,1,2
2944,4,0,2,3
2945,1,0,2,2
2946,5,0,1,2
2947,2,0,2,4
2948,3,0,2,4
2949,3,0,3,2
2950,8,0,3,4
2951,2,0,4,2
2952,1,-2,2,1
2953,4,0,1,2
2954,4,0,2,3
2955,5,0,3,2
2956,1,0,3,4
2957,5,0,3,2
2958,2,-2,2,1
2959,4,-2,2,1
2960,1,0,2,4
2961,2,-2,2,1
2962,8,0,4,4
2963,1,0,6,4
2964,8,0,2,2
2965,2,0,2,4
2966,2,1,1,3
2967,2,-2,3,3
2968,5,-2,2,2
2969,2,0,2,3
2970,3,0,1,1
2971,1,0,1,4
2972,4,0,4,4
2973,1,-2,1,1
2974,4,0,3,3
2975,4,0,2,1
2976,8,0,1,2
2977,1,0,1,1
2978,4,0,2,4
2979,5,0,1,2
2980,1,-2,3,2
2981,3,0,5,4
2982,3,0,5,4
2983,8,0,2,4
2984,4,0,8,2
2985,8,0,5,3
2986,7,0,4,4
2987,3,0,2,4
2988,2,0,2,2
2989,5,0,3,2
2990,1,0,5,4
2991,5,0,1,1
2992,4,-2,1,1
2993,2,0,5,4
2994,4,0,3,3
2995,2,0,5,4
2996,2,0,1,3
2997,2,-2,2,1
2998,2,-2,1,1
2999,4,0,3,3
3000,2,0,3,4
3001,3,-2,1,3
3002,1,-2,1,1
3003,2,0,2,2
3004,2,-2,1,2
3005,1,0,1,1
3006,1,-2,2,2
3007,2,-2,4,1
3008,2,0,4,1
3009,4,-2,1,1
3010,2,0,2,1
3011,8,-2,3,1
3012,4,0,2,3
3013,6,0,3,3
3014,8,0,3,4
3015,6,0,3,4
3016,6,0,2,3
3017,6,0,3,2
3018,1,0,1,2
3019,1,0,1,1
3020,4,0,2,1
3021,1,-2,1,1
3022,2,0,4,2
3023,3,0,4,4
3024,3,0,1,1
3025,3,0,2,4
3026,2,-2,1,1
3027,1,0,1,2
3028,1,0,2,1
3029,1,-2,1,1
3030,3,0,1,3
3031,3,-2,1,1
3032,4,-2,3,2
3033,3,0,2,3
3034,8,0,4,3
3035,8,-2,3,1
3036,2,0,2,4
3037,1,0,1,1
3038,2,0,2,3
3039,1,0,1,2
3040,5,0,2,3
3041,3,0,6,4
3042,4,0,2,3
3043,4,0,1,3
3044,6,0,4,3
3045,6,0,1,1
3046,1,0,2,3
3047,5,-2,2,2
3048,3,0,1,4
3049,3,0,1,3
3050,4,0,7,2
3051,2,0,2,4
3052,1,0,2,4
3053,2,-2,1,1
3054,7,-2,2,1
3055,8,-2,4,2
3056,8,0,2,4
3057,4,0,5,2
3058,3,0,1,1
3059,4,0,3,2
3060,6,0,5,1
3061,6,0,4,3
3062,2,0,2,4
3063,4,0,2,4
3064,5,0,2,2
3065,3,0,3,3
3066,4,0,2,3
3067,8,0,4,3
3068,2,-2,1,2
3069,5,0,2,1
3070,7,0,6,3
3071,4,-2,2,2
3072,6,0,6,4
3073,4,0,2,1
3074,4,0,5,3
3075,4,1,2,1
3076,4,0,1,3
3077,6,0,4,1
3078,6,-2,2,2
3079,4,0,3,3
3080,7,0,5,2
3081,3,0,2,3
3082,6,0,4,4
3083,3,0,2,4
3084,1,-2,2,1
3085,1,-2,1,1
3086,6,0,1,4
3087,5,0,3,2
3088,2,0,3,2
3089,3,0,2,2
3090,2,-2,3,1
3091,6,1,4,1
3092,3,0,2,1
3093,8,0,2,2
3094,7,0,5,4
3095,4,0,3,3
3096,8,0,1,2
3097,1,0,1,2
3098,2,-2,1,1
3099,3,0,4,3
3100,4,0,1,2
3101,5,0,2,4
3102,5,0,2,2
3103,6,0,2,4
3104,2,0,2,4
3105,8,-2,2,1
3106,3,0,2,3
3107,1,0,3,2
3108,3,0,4,2
3109,5,0,4,4
3110,3,0,4,1
3111,3,0,5,1
3112,7,0,4,1
3113,5,-2,3,2
3114,7,0,6,4
3115,6,0,2,2
3116,7,0,4,2
3117,1,-2,2,2
3118,6,-2,3,1
3119,1,0,1,3
3120,2,0,1,3
3121,1,0,2,1
3122,6,0,2,2
3123,1,0,6,1
3124,6,1,5,3
3125,3,0,2,1
3126,8,-2,1,2
3127,5,0,3,2
3128,8,0,2,4
3129,8,0,2,4
3130,2,0,2,3
3131,4,0,3,1
3132,1,0,2,3
3133,8,0,2,3
3134,5,0,1,3
3135,6,-2,4,3
3136,1,0,3,4
3137,2,0,2,1
3138,1,0,2,3
3139,2,0,2,4
3140,2,0,3,3
3141,8,0,3,4
3142,1,0,2,4
3143,3,-2,3,1
3144,7,0,2,3
3145,7,0,2,2
3146,8,0,3,3
3147,3,0,1,1
3148,3,0,2,4
3149,2,0,3,2
3150,2,0,2,3
3151,6,0,2,2
3152,2,0,4,1
3153,5,0,2,3
3154,6,0,3,2
3155,1,-2,1,2
3156,5,0,1,3
3157,8,0,2,1
3158,5,0,2,4
3159,3,0,4,4
3160,6,0,3,1
3161,3,-2,1,1
3162,2,-2,4,2
3163,1,0,1,1
3164,1,0,3,1
3165,1,0,2,3
3166,4,-2,2,1
3167,8,0,5,2
3168,3,0,2,3
3169,1,-2,4,3
3170,6,0,4,2
3171,2,0,2,3
3172,2,-2,1,1
3173,3,0,2,4
3174,6,-2,2,1
3175,2,0,3,3
3176,4,0,3,4
3177,2,0,1,3
3178,2,0,2,4
3179,3,0,4,3
3180,1,0,1,3
3181,2,0,4,2
3182,1,0,2,3
3183,8,1,5,4
3184,3,0,1,4
3185,7,0,5,4
3186,6,0,2,1
3187,5,0,2,3
3188,7,0,5,4
3189,4,-2,2,1
3190,2,-2,1,1
3191,2,0,2,3
3192,8,-2,2,1
3193,1,-2,2,2
3194,6,-2,1,1
3195,8,0,3,3
3196,3,0,2,2
3197,3,0,2,3
3198,1,0,6,2
3199,2,0,4,4
3200,2,0,1,2
3201,3,-2,3,1
3202,8,0,4,3
3203,4,0,3,3
3204,7,0,2,2
3205,2,0,5,4
3206,2,0,1,4
3207,3,0,2,4
3208,3,0,1,1
3209,1,-2,4,3
3210,2,0,3,1
3211,3,0,2,2
3212,5,-2,2,1
3213,4,-2,2,1
3214,6,0,4,2
3215,6,0,3,3
3216,3,0,1,2
3217,5,-2,2,1
3218,1,0,1,2
3219,8,0,2,4
3220,1,0,3,1
3221,4,-2,1,1
3222,3,0,2,3
3223,8,0,3,4
3224,3,-2,1,3
3225,5,0,2,2
3226,2,0,5,2
3227,4,0,3,2
3228,1,0,2,1
3229,1,0,2,4
3230,3,0,1,1
3231,8,0,2,4
3232,8,-2,3,3
3233,8,0,2,4
3234,7,0,2,3
3235,3,0,2,2
3236,1,-2,1,1
3237,4,0,3,1
3238,2,-2,2,1
3239,4,0,3,3
3240,2,-2,5,1
3241,4,0,2,4
3242,5,0,5,4
3243,1,0,4,4
3244,6,0,3,3
3245,2,0,3,3
3246,5,0,3,1
3247,1,0,1,1
3248,7,0,6,4
3249,4,-2,2,2
3250,2,-2,2,2
3251,3,0,2,2
3252,5,0,2,2
3253,2,0,2,2
3254,8,0,4,2
3255,1,-2,3,1
3256,6,0,4,2
3257,8,0,3,2
3258,3,0,2,2
3259,6,0,2,1
3260,5,0,2,2
3261,6,0,3,4
3262,5,-2,3,2
3263,8,-2,2,1
3264,3,0,4,4
3265,3,0,2,2
3266,5,-2,2,1
3267,3,0,2,3
3268,2,0,1,2
3269,4,0,4,2
3270,4,0,1,1
3271,3,0,4,4
3272,2,0,1,2
3273,1,-2,4,1
3274,7,0,2,3
3275,3,0,2,2
3276,7,0,4,2
3277,5,0,2,3
3278,1,0,1,4
3279,4,0,2,4
3280,3,0,2,1
3281,8,0,4,2
3282,1,0,2,4
3283,1,-2,1,1
3284,2,0,2,1
3285,3,-2,3,3
3286,2,-2,1,1
3287,8,0,2,4
3288,1,0,2,2
3289,2,0,5,2
3290,4,0,5,4
3291,1,0,2,2
3292,5,0,5,2
3293,6,0,2,4
3294,4,1,2,3
3295,1,0,1,3
3296,8,0,3,4
3297,4,0,5,4
3298,8,0,4,4
3299,1,-2,1,1
3300,2,-2,1,2
3301,3,-2,1,3
3302,1,0,3,3
3303,2,0,1,1
3304,2,0,4,2
3305,5,-2,1,1
3306,2,0,2,4
3307,3,-2,4,1
3308,5,0,7,3
3309,7,0,2,4
3310,2,-2,3,2
3311,5,0,4,3
3312,2,0,1,1
3313,5,0,1,2
3314,2,0,1,3
3315,1,-2,1,1
3316,6,0,2,4
3317,1,0,1,1
3318,1,-2,1,1
3319,7,0,4,4
3320,4,0,2,3
3321,3,0,3,2
3322,4,0,2,3
3323,8,0,3,3
3324,2,-2,1,1
3325,1,-2,2,2
3326,6,0,4,1
3327,1,0,4,1
3328,2,0,2,4
3329,3,0,3,2
3330,2,0,4,4
3331,3,0,4,3
3332,3,-2,1,2
3333,6,0,2,4
3334,2,0,4,3
3335,2,0,6,4
3336,2,-2,1,1
3337,4,0,2,1
3338,4,0,2,2
3339,2,-2,1,3
3340,6,0,4,3
3341,4,0,3,2
3342,5,0,3,2
3343,4,0,2,1
3344,7,0,5,3
3345,1,-2,1,1
3346,6,0,5,3
3347,4,-2,2,1
3348,3,0,2,3
3349,5,0,2,1
3350,6,0,1,3
3351,2,0,5,4
3352,2,0,1,1
3353,6,0,1,4
3354,5,0,2,1
3355,2,0,1,2
3356,1,0,1,2
3357,1,0,2,3
3358,3,0,3,3
3359,8,0,4,2
3360,4,0,4,4
3361,2,0,2,2
3362,1,0,7,2
3363,3,-2,1,3
3364,1,-2,1,1
3365,3,-2,2,1
3366,1,0,2,4
3367,4,0,1,3
3368,3,0,1,3
3369,2,0,3,2
3370,2,-2,4,3
3371,1,0,1,2
3372,1,0,2,2
3373,8,0,4,3
3374,2,0,2,4
3375,5,0,3,2
3376,1,-2,1,1
3377,5,0,2,4
3378,4,0,2,3
3379,2,0,5,4
3380,4,0,2,2
3381,4,0,6,4
3382,2,0,3,3
3383,2,-2,2,1
3384,1,0,8,1
3385,6,0,2,3
3386,7,0,2,3
3387,3,0,10,4
3388,1,-2,2,1
3389,4,-2,2,1
3390,4,0,2,3
3391,3,0,2,3
3392,7,0,4,4
3393,1,0,3,4
3394,2,-2,1,1
3395,3,0,7,3
3396,2,0,2,4
3397,8,0,3,4
3398,1,-2,1,1
3399,4,-2,1,1
3400,3,-2,4,1
3401,1,-2,1,1
3402,8,-2,3,2
3403,3,0,2,2
3404,2,1,1,1
3405,1,0,4,2
3406,1,-2,2,1
3407,3,0,2,4
3408,6,0,3,4
3409,1,0,3,3
3410,1,0,2,4
3411,2,-2,3,1
3412,8,0,2,3
3413,1,0,2,2
3414,1,0,1,1
3415,6,0,4,3
3416,3,0,4,3
3417,3,-2,2,2
3418,6,0,2,1
3419,4,-2,2,1
3420,4,0,3,4
3421,7,0,5,4
3422,1,0,1,1
3423,2,0,2,3
3424,8,0,3,1
3425,1,-2,1,1
3426,2,0,3,3
3427,2,0,2,2
3428,6,-2,2,2
3429,5,0,3,3
3430,7,0,4,4
3431,1,0,3,2
3432,5,0,3,3
3433,2,0,5,4
3434,1,-2,1,1
3435,8,0,6,4
3436,7,0,3,3
3437,8,0,2,1
3438,2,0,2,3
3439,4,0,5,3
3440,1,0,7,4
3441,8,0,2,2
3442,8,0,4,3
3443,4,-2,2,1
3444,1,0,2,1
3445,8,0,2,3
3446,2,-2,4,2
3447,3,0,2,3
3448,7,0,2,4
3449,4,-2,2,1
3450,5,0,3,1
3451,2,0,4,3
3452,1,0,2,1
3453,1,0,4,2
3454,1,-2,1,2
3455,1,-2,1,1
3456,4,0,2,2
3457,3,0,6,4
3458,4,0,2,2
3459,6,0,6,3
3460,8,0,2,2
3461,1,-2,1,1
3462,7,0,2,4
3463,4,0,2,1
3464,7,0,2,2
3465,4,0,6,4
3466,4,0,4,4
3467,3,0,4,4
3468,2,0,4,4
3469,5,0,4,3
3470,3,0,5,2
3471,3,0,2,3
3472,6,0,1,2
3473,4,0,1,2
3474,3,0,1,4
3475,4,0,2,4
3476,8,0,4,2
3477,2,0,1,1
3478,5,0,1,4
3479,1,0,1,3
3480,3,0,3,3
3481,2,0,3,3
3482,6,0,3,3
3483,5,0,2,4
3484,2,0,1,1
3485,8,0,2,4
3486,2,-2,1,3
3487,6,0,2,4
3488,4,0,2,4
3489,7,0,2,2
3490,8,1,6,4
3491,6,0,2,4
3492,5,0,2,1
3493,2,-2,1,1
3494,4,0,5,4
3495,1,-2,1,2
3496,4,0,5,4
3497,1,0,5,3
3498,1,0,3,3
3499,4,-2,1,1
3500,6,0,2,4
3501,1,-2,2,1
3502,7,0,5,2
3503,2,-2,3,2
3504,1,-2,2,1
3505,3,-2,1,1
3506,3,0,5,2
3507,3,0,1,1
3508,3,-2,2,2
3509,7,0,5,2
3510,1,-2,1,2
3511,2,0,2,1
3512,8,0,2,3
3513,5,1,4,2
3514,1,0,1,4
3515,2,-2,4,1
3516,8,0,2,2
3517,1,0,4,4
3518,2,0,1,3
3519,4,0,2,2
3520,2,0,1,1
3521,5,0,2,2
3522,8,0,4,4
3523,2,0,4,4
3524,4,0,1,1
3525,5,0,2,3
3526,8,0,7,4
3527,1,0,3,2
3528,1,-2,2,1
3529,3,0,2,2
3530,3,0,1,2
3531,8,0,2,1
3532,6,0,2,1
3533,3,0,2,1
3534,3,0,2,2
3535,2,0,3,3
3536,4,0,2,1
3537,7,0,4,4
3538,4,0,2,3
3539,2,0,4,4
3540,5,-2,2,3
3541,2,0,1,3
3542,3,0,1,4
3543,2,0,4,4
3544,8,0,4,2
3545,6,0,2,1
3546,8,0,4,4
3547,2,0,2,4
3548,5,0,4,1
3549,4,0,2,3
3550,1,0,2,3
3551,6,0,4,3
3552,1,0,1,1
3553,2,0,2,4
3554,4,0,3,3
3555,2,-2,1,1
3556,7,0,3,3
3557,3,-2,3,1
3558,3,0,2,3
3559,1,-2,1,3
3560,5,0,3,4
3561,3,0,1,4
3562,4,0,1,3
3563,1,0,1,1
3564,2,0,2,2
3565,8,0,4,1
3566,2,0,6,3
3567,1,0,3,2
3568,4,0,2,4
3569,1,0,2,3
3570,1,-2,3,1
3571,2,0,2,3
3572,7,0,4,4
3573,1,0,1,2
3574,2,0,1,2
3575,2,0,2,1
3576,2,0,2,4
3577,2,0,6,2
3578,3,-2,1,2
3579,4,0,3,4
3580,8,0,4,3
3581,1,-2,1,1
3582,4,0,2,4
3583,1,0,1,1
3584,4,0,3,2
3585,8,0,4,4
3586,2,0,1,1
3587,3,0,1,1
3588,2,-2,4,4
3589,6,0,5,4
3590,1,-2,1,3
3591,1,0,2,3
3592,4,0,3,2
3593,5,0,3,2
3594,1,-2,1,2
3595,4,0,4,2
3596,1,0,1,3
3597,3,0,2,3
3598,2,0,1,2
3599,2,-2,2,2
3600,1,0,1,2
3601,3,0,1,4
3602,4,0,2,1
3603,4,0,1,2
3604,1,0,1,2
3605,1,-2,3,2
3606,8,0,4,2
3607,4,0,1,2
3608,6,0,3,2
3609,6,0,2,2
3610,4,0,1,1
3611,1,0,1,4
3612,3,0,2,3
3613,5,0,3,4
3614,6,0,2,4
3615,6,0,4,3
3616,5,0,5,2
3617,6,0,3,3
3618,4,0,3,4
3619,1,-2,3,2
3620,6,0,3,3
3621,1,-2,1,2
3622,4,0,4,2
3623,1,0,1,3
3624,1,0,3,2
3625,2,0,5,3
3626,1,-2,4,3
3627,2,0,1,3
3628,2,0,2,1
3629,3,0,5,4
3630,8,-2,1,2
3631,8,0,2,1
3632,7,0,1,2
3633,2,0,2,3
3634,3,-2,1,2
3635,3,0,1,3
3636,5,0,2,3
3637,2,0,1,2
3638,4,0,2,2
3639,3,0,7,4
3640,3,0,4,3
3641,2,-2,2,2
3642,6,0,2,3
3643,8,-2,2,2
3644,2,0,1,1
3645,5,0,3,3
3646,8,0,4,4
3647,7,0,2,2
3648,4,0,4,1
3649,1,0,3,4
3650,8,0,3,2
3651,1,-2,1,1
3652,1,0,4,4
3653,1,-2,4,1
3654,1,0,1,2
3655,6,0,4,1
3656,4,0,2,3
3657,3,-2,2,1
3658,7,0,2,1
3659,3,0,2,3
3660,5,0,2,4
3661,3,0,3,4
3662,2,0,2,3
3663,6,0,3,3
3664,2,0,1,2
3665,3,0,3,4
3666,2,0,2,3
3667,3,0,4,2
3668,2,0,1,3
3669,4,0,5,4
3670,5,0,2,4
3671,1,0,5,1
3672,5,0,3,4
3673,4,-2,2,3
3674,4,0,3,4
3675,2,-2,1,1
3676,5,0,2,4
3677,7,0,2,2
3678,2,0,2,3
3679,5,0,2,3
3680,2,0,4,3
3681,2,0,3,3
3682,1,0,2,3
3683,2,0,2,1
3684,1,-2,1,1
3685,3,0,2,1
3686,2,0,3,3
3687,3,-2,2,3
3688,7,0,7,4
3689,4,0,2,1
3690,4,0,1,2
3691,1,0,4,4
3692,2,0,3,1
3693,4,0,2,1
3694,1,0,1,4
3695,1,0,1,2
3696,3,0,4,3
3697,1,0,5,2
3698,2,0,1,2
3699,2,-2,4,1
3700,1,0,2,2
3701,8,0,2,2
3702,2,0,5,1
3703,8,0,2,4
3704,4,0,4,2
3705,6,0,2,3
3706,6,-2,2,2
3707,4,0,1,2
3708,7,0,2,1
3709,8,0,2,2
3710,4,-2,4,3
3711,3,0,2,4
3712,6,0,3,3
3713,2,-2,1,2
3714,1,-2,3,1
3715,1,0,2,3
3716,3,0,4,2
3717,8,0,4,3
3718,8,0,2,2
3719,1,0,1,2
3720,2,0,1,1
3721,7,0,4,3
3722,3,0,2,3
3723,1,0,1,2
3724,3,0,3,1
3725,4,0,2,1
3726,2,-2,2,1
3727,8,0,2,3
3728,1,-2,1,1
3729,8,-2,1,1
3730,4,0,2,3
3731,3,-2,2,1
3732,3,0,2,4
3733,5,0,3,3
3734,2,0,2,3
3735,2,0,1,2
3736,6,0,1,2
3737,6,0,3,2
3738,2,-2,2,2
3739,4,0,2,2
3740,2,-2,1,1
3741,2,-2,4,3
3742,2,0,6,2
3743,2,0,2,2
3744,1,0,2,1
3745,2,0,3,2
3746,6,0,3,4
3747,4,-2,4,1
3748,2,0,1,1
3749,5,0,3,4
3750,8,0,1,4
3751,5,0,4,4
3752,1,0,2,2
3753,2,0,3,1
3754,1,0,1,2
3755,5,0,1,2
3756,1,0,1,3
3757,1,0,1,2
3758,7,0,5,4
3759,2,0,2,1
3760,6,0,3,4
3761,5,0,2,4
3762,8,0,6,3
3763,3,0,2,4
3764,2,0,1,1
3765,3,0,1,1
3766,4,0,2,2
3767,5,0,4,3
3768,1,-2,6,3
3769,2,0,2,3
3770,2,0,2,2
3771,4,0,3,3
3772,1,0,2,2
3773,3,0,5,1
3774,5,0,4,1
3775,2,0,2,2
3776,4,0,4,1
3777,8,0,4,4
3778,7,0,5,3
3779,3,0,3,4
3780,8,0,3,4
3781,4,0,2,1
3782,6,0,5,3
3783,3,0,2,2
3784,2,0,1,1
3785,4,0,2,2
3786,5,0,3,2
3787,2,0,3,2
3788,2,0,2,4
3789,1,0,1,3
3790,3,0,3,3
3791,8,1,5,2
3792,4,0,3,2
3793,5,0,2,2
3794,2,0,1,1
3795,1,0,2,3
3796,2,0,2,4
3797,1,-2,6,1
3798,6,0,3,3
3799,4,0,3,3
3800,1,0,2,4
3801,4,0,4,1
3802,8,1,3,2
3803,2,0,2,3
3804,6,-2,2,1
3805,4,0,6,4
3806,4,0,2,2
3807,4,-2,2,4
3808,5,0,2,2
3809,2,0,5,3
3810,5,0,2,2
3811,8,0,3,4
3812,2,0,2,1
3813,4,0,2,3
3814,1,0,2,1
3815,1,0,1,2
3816,1,-2,1,1
3817,1,0,1,1
3818,4,0,2,3
3819,3,0,2,4
3820,2,0,1,1
3821,2,0,1,3
3822,3,-2,1,1
3823,3,0,2,4
3824,1,0,2,1
3825,5,0,1,2
3826,1,0,4,3
3827,1,-2,2,1
3828,3,-2,2,1
3829,5,0,1,3
3830,4,0,1,3
3831,6,0,4,2
3832,2,0,3,4
3833,8,0,2,2
3834,4,0,2,4
3835,2,0,6,3
3836,5,0,2,3
3837,2,0,2,2
3838,1,0,3,3
3839,3,0,3,2
3840,1,-2,1,1
3841,4,0,2,4
3842,5,0,2,4
3843,3,0,1,3
3844,5,0,2,4
3845,7,0,4,1
3846,4,-2,1,1
3847,8,0,4,3
3848,8,0,3,2
3849,8,0,5,3
3850,6,0,7,4
3851,1,-2,1,2
3852,1,0,3,4
3853,2,0,2,3
3854,3,0,4,3
3855,3,0,2,4
3856,4,0,3,2
3857,1,-2,2,1
3858,5,0,4,3
3859,3,-2,2,3
3860,3,0,2,1
3861,1,0,1,2
3862,2,-2,3,4
3863,3,0,2,2
3864,2,0,1,4
3865,2,0,3,1
3866,7,0,4,4
3867,2,-2,1,1
3868,4,0,2,4
3869,3,0,4,3
3870,8,0,3,1
3871,1,0,1,3
3872,7,0,5,4
3873,4,0,4,4
3874,8,0,4,4
3875,1,-2,1,1
3876,2,0,3,2
3877,7,0,4,3
3878,1,0,1,4
3879,3,0,2,4
3880,4,0,2,4
3881,1,0,1,3
3882,1,0,3,1
3883,6,0,3,4
3884,7,0,2,2
3885,5,0,5,4
3886,4,0,3,2
3887,5,-2,3,1
3888,7,0,3,3
3889,3,0,2,2
3890,5,1,3,3
3891,1,0,3,3
3892,2,-2,3,1
3893,2,0,1,2
3894,3,0,2,3
3895,2,0,5,3
3896,2,0,5,3
3897,4,0,3,4
3898,4,0,3,1
3899,2,0,1,4
3900,2,-2,1,1
3901,1,0,4,4
3902,7,0,4,4
3903,7,0,2,4
3904,2,-2,5,3
3905,8,0,2,1
3906,1,-2,1,1
3907,1,-2,2,1
3908,2,0,2,4
3909,2,0,1,3
3910,2,0,4,4
3911,1,-2,4,1
3912,1,0,4,4
3913,3,0,2,2
3914,2,0,3,4
3915,7,0,2,4
3916,3,-2,2,2
3917,8,0,2,3
3918,4,0,5,3
3919,2,-2,2,1
3920,5,0,5,4
3921,8,0,3,2
3922,4,0,4,4
3923,3,0,1,2
3924,4,1,1,2
3925,5,0,2,3
3926,4,0,2,3
3927,2,-2,4,1
3928,6,-2,4,1
3929,3,1,3,4
3930,2,0,2,4
3931,1,0,2,3
3932,4,-2,1,1
3933,4,0,1,2
3934,7,-2,2,1
3935,3,0,2,2
3936,8,0,5,4
3937,1,0,1,2
3938,2,0,2,1
3939,4,0,2,4
3940,2,0,3,1
3941,6,0,2,3
3942,8,0,4,3
3943,7,0,2,3
3944,1,0,1,4
3945,1,0,1,2
3946,1,0,5,2
3947,1,0,2,3
3948,4,0,3,4
3949,6,0,3,2
3950,1,-2,1,2
3951,5,0,1,3
3952,4,-2,3,1
3953,6,0,2,4
3954,4,0,1,2
3955,4,1,2,3
3956,1,0,1,4
3957,2,0,1,1
3958,4,0,2,1
3959,6,0,7,2
3960,1,-2,5,2
3961,4,1,1,4
3962,3,0,2,2
3963,8,0,3,1
3964,8,-2,2,2
3965,1,-2,1,1
3966,2,0,5,2
3967,7,0,3,4
3968,1,0,3,2
3969,6,0,3,2
3970,3,0,1,1
3971,7,0,4,3
3972,2,0,2,2
3973,1,-2,2,3
3974,4,-2,6,1
3975,3,-2,3,1
3976,2,-2,1,1
3977,4,0,2,4
3978,2,0,1,1
3979,2,0,2,2
3980,2,-2,2,3
3981,1,-2,2,1
3982,2,0,1,1
3983,2,-2,2,1
3984,3,0,1,3
3985,2,-2,1,3
3986,3,0,2,2
3987,3,0,3,3
3988,2,-2,3,4
3989,4,0,2,4
3990,2,0,4,2
3991,8,0,4,3
3992,2,0,5,3
3993,5,0,4,4
3994,2,0,1,2
3995,2,0,2,3
3996,4,0,3,3
3997,4,-2,5,1
3998,2,0,1,3
3999,8,0,5,3
4000,3,0,2,3
4001,3,0,1,2
4002,1,0,2,2
4003,2,0,2,1
4004,4,-2,1,1
4005,3,0,1,3
4006,3,0,4,3
4007,6,0,2,4
4008,8,0,1,2
4009,4,0,2,2
4010,2,-2,5,1
4011,3,1,3,2
4012,1,-2,1,2
4013,4,0,2,1
4014,5,0,3,2
4015,8,1,2,3
4016,7,0,2,1
4017,1,0,7,4
4018,1,0,4,3
4019,6,0,3,4
4020,2,-2,2,1
4021,3,0,1,1
4022,3,0,4,2
4023,6,0,2,4
4024,4,0,4,3
4025,4,0,8,2
4026,2,0,1,4
4027,4,0,2,2
4028,2,0,2,1
4029,1,0,1,3
4030,5,0,1,3
4031,6,0,2,2
4032,3,0,1,1
4033,1,-2,3,2
4034,2,0,1,3
4035,3,0,3,3
4036,4,0,2,4
4037,3,0,3,3
4038,4,0,2,2
4039,3,0,1,3
4040,2,0,5,4
4041,6,0,6,1
4042,5,0,2,3
4043,1,-2,1,2
4044,2,0,2,3
4045,6,0,4,1
4046,8,0,2,2
4047,2,0,2,4
4048,3,0,3,3
4049,1,0,1,4
4050,3,0,4,3
4051,2,0,1,1
4052,3,0,3,3
4053,3,0,3,4
4054,2,0,1,2
4055,3,0,1,1
4056,5,0,4,4
4057,8,0,2,4
4058,3,0,2,4
4059,3,0,4,4
4060,2,0,4,2
4061,4,0,2,3
4062,6,0,1,1
4063,5,0,3,3
4064,1,0,2,3
4065,4,0,3,4
4066,3,0,4,3
4067,3,0,2,1
4068,5,0,4,2
4069,8,0,2,3
4070,8,0,2,4
4071,2,0,5,1
4072,2,-2,1,3
4073,2,-2,1,2
4074,5,0,3,2
4075,2,0,1,2
4076,5,0,1,4
4077,4,0,3,3
4078,2,0,2,2
4079,2,0,2,1
4080,8,0,2,4
4081,2,0,2,2
4082,1,0,1,2
4083,5,0,2,2
4084,5,-2,4,1
4085,4,0,1,1
4086,6,0,6,3
4087,6,0,3,2
4088,8,0,1,2
4089,7,0,4,4
4090,3,0,2,3
4091,5,0,3,4
4092,1,-2,4,2
4093,8,0,3,3
4094,8,0,5,4
4095,1,0,2,1
4096,8,0,3,4
4097,7,0,4,3
4098,1,0,2,3
4099,3,0,2,3
4100,3,0,2,1
4101,2,0,4,3
4102,4,-2,1,1
4103,6,0,1,3
4104,2,0,2,1
4105,8,0,5,2
4106,6,0,2,4
4107,2,-2,4,3
4108,8,-2,2,1
4109,3,0,4,1
4110,4,0,2,4
4111,2,0,5,4
4112,1,-2,1,2
4113,1,0,1,2
4114,1,0,2,1
4115,3,0,2,1
4116,2,0,1,3
4117,4,-2,5,4
4118,4,0,2,3
4119,2,0,3,1
4120,6,0,5,4
4121,1,-2,1,1
4122,5,0,2,4
4123,2,0,5,4
4124,4,0,1,4
4125,1,-2,1,1
4126,2,0,8,3
4127,2,-2,2,1
4128,2,0,2,1
4129,8,0,6,3
4130,1,-2,4,3
4131,3,0,5,2
4132,3,0,1,1
4133,1,0,2,2
4134,4,0,2,1
4135,3,0,1,4
4136,2,0,3,4
4137,3,0,1,3
4138,3,0,3,4
4139,3,-2,2,2
4140,3,0,1,3
4141,3,0,5,2
4142,4,-2,2,1
4143,8,-2,3,3
4144,1,0,1,2
4145,8,0,2,4
4146,7,0,2,4
4147,1,0,1,3
4148,1,0,3,2
4149,2,0,4,3
4150,2,0,1,3
4151,1,-2,3,1
4152,2,0,5,4
4153,2,0,2,3
4154,7,0,6,3
4155,1,0,1,1
4156,3,0,2,2
4157,6,0,2,2
4158,4,0,3,4
4159,6,0,1,1
4160,4,-2,10,1
4161,8,0,5,3
4162,2,-2,5,4
4163,3,0,5,2
4164,2,0,4,2
4165,8,0,3,2
4166,5,-2,2,3
4167,4,0,4,3
4168,2,0,1,2
4169,8,0,3,3
4170,6,-2,3,1
4171,8,0,4,4
4172,2,-2,1,2
4173,1,-2,1,1
4174,1,-2,1,1
4175,1,0,4,2
4176,1,0,1,1
4177,7,0,5,4
4178,1,-2,1,1
4179,3,0,2,3
4180,8,0,3,3
4181,2,-2,2,4
4182,4,0,3,3
4183,7,0,1,2
4184,8,0,4,1
4185,3,0,3,2
4186,3,0,2,3
4187,2,0,4,3
4188,6,0,3,4
4189,8,0,4,3
4190,5,0,2,3
4191,6,0,4,4
4192,1,0,2,3
4193,6,0,6,3
4194,2,0,1,3
4195,2,0,2,4
4196,6,-2,1,2
4197,3,0,2,2
4198,3,0,1,1
4199,2,0,1,2
4200,2,0,1,4
4201,2,0,2,2
4202,3,0,2,4
4203,4,0,2,3
4204,3,0,1,1
4205,2,0,2,4
4206,5,0,2,1
4207,1,-2,3,1
4208,8,0,3,2
4209,8,0,3,2
4210,4,0,2,3
4211,8,0,5,4
4212,1,-2,2,1
4213,5,0,3,4
4214,1,0,2,2
4215,6,0,2,2
4216,1,-2,2,2
4217,6,-2,1,1
4218,1,0,1,1
4219,8,0,4,3
4220,1,0,4,3
4221,3,0,2,3
4222,1,-2,1,2
4223,2,0,1,1
4224,6,0,4,4
4225,4,0,4,4
4226,7,0,1,4
4227,4,0,1,2
4228,2,0,7,2
4229,8,0,5,4
4230,6,0,4,4
4231,3,0,2,1
4232,2,0,2,4
4233,1,0,1,1
4234,4,0,2,3
4235,2,0,2,3
4236,6,0,3,3
4237,4,0,2,4
4238,2,0,5,2
4239,2,0,1,2
4240,8,0,2,3
4241,2,-2,1,2
4242,4,0,2,1
4243,5,0,2,4
4244,4,0,2,4
4245,4,-2,3,2
4246,5,0,3,4
4247,4,0,4,3
4248,1,-2,2,1
4249,2,-2,1,2
4250,3,-2,2,1
4251,8,0,4,1
4252,3,0,3,3
4253,6,-2,2,1
4254,3,0,3,3
4255,4,0,2,1
4256,3,0,5,2
4257,3,-2,1,2
4258,4,-2,1,2
4259,2,0,4,2
4260,3,0,2,3
4261,1,0,2,2
4262,2,0,1,2
4263,4,0,2,4
4264,5,0,2,1
4265,3,0,2,1
4266,3,0,3,4
4267,3,-2,5,1
4268,4,0,2,4
4269,3,0,2,2
4270,7,0,5,3
4271,2,0,2,2
4272,5,0,3,4
4273,5,0,2,1
4274,1,0,4,4
4275,2,-2,2,1
4276,6,0,4,2
4277,3,0,3,3
4278,1,0,2,2
4279,1,0,1,1
4280,8,0,2,4
4281,1,-2,4,2
4282,8,0,2,4
4283,2,-2,1,1
4284,2,0,7,4
4285,1,0,2,1
4286,2,1,2,2
4287,3,-2,2,1
4288,3,0,2,2
4289,2,0,1,4
4290,2,-2,1,1
4291,1,0,2,4
4292,1,0,1,4
4293,2,0,1,3
4294,4,0,5,3
4295,2,0,3,3
4296,1,0,3,3
4297,8,0,4,3
4298,7,0,3,4
4299,4,0,2,1
4300,2,0,3,2
4301,1,0,3,2
4302,3,0,1,2
4303,8,0,2,2
4304,3,-2,1,4
4305,6,-2,3,3
4306,2,-2,2,1
4307,3,0,1,2
4308,8,0,4,4
4309,1,0,2,1
4310,8,0,2,4
4311,3,0,2,4
4312,3,0,1,2
4313,2,0,3,3
4314,8,0,5,3
4315,6,-2,1,1
4316,3,0,2,3
4317,3,0,1,3
4318,3,0,6,4
4319,2,-2,1,2
4320,7,0,7,3
4321,7,0,3,4
4322,2,-2,1,3
4323,8,0,2,3
4324,3,0,1,4
4325,2,0,1,1
4326,7,-2,2,1
4327,2,0,4,3
4328,1,0,3,4
4329,8,0,2,3
4330,6,1,2,3
4331,3,0,3,3
4332,3,0,4,2
4333,2,0,2,4
4334,1,0,3,4
4335,6,0,2,3
4336,5,0,2,4
4337,8,0,2,1
4338,2,-2,2,2
4339,1,0,4,2
4340,7,0,4,3
4341,5,-2,2,4
4342,6,-2,3,1
4343,4,0,2,4
4344,1,-2,1,1
4345,1,-2,1,1
4346,7,-2,2,2
4347,5,-2,2,1
4348,5,0,7,4
4349,5,0,2,3
4350,6,0,2,4
4351,2,-2,3,1
4352,1,0,6,1
4353,3,0,2,2
4354,3,0,4,1
4355,2,0,3,4
4356,3,0,2,1
4357,2,0,1,1
4358,2,0,2,3
4359,5,0,1,1
4360,2,0,2,3
4361,4,0,1,2
4362,2,-2,1,1
4363,4,0,2,3
4364,2,-2,1,1
4365,2,0,2,2
4366,3,0,3,4
4367,1,-2,1,1
4368,2,0,2,1
4369,2,0,1,1
4370,4,0,2,4
4371,4,-2,4,2
4372,2,0,2,3
4373,2,0,2,1
4374,2,0,2,3
4375,2,0,2,2
4376,5,0,4,4
4377,8,0,1,3
4378,2,0,2,4
4379,2,0,5,4
4380,2,-2,1,1
4381,2,0,2,2
4382,1,0,3,3
4383,5,0,2,1
4384,2,0,1,2
4385,1,0,1,3
4386,2,0,4,4
4387,4,0,3,4
4388,1,-2,4,2
4389,4,0,5,4
4390,1,-2,1,1
4391,3,0,1,2
4392,7,0,2,4
4393,5,0,3,2
4394,4,-2,2,1
4395,4,0,5,4
4396,1,-2,3,1
4397,4,0,2,1
4398,3,-2,1,1
4399,5,1,4,3
4400,2,0,2,1
4401,1,0,3,3
4402,4,0,3,2
4403,2,0,2,2
4404,7,0,2,2
4405,3,0,5,2
4406,3,0,1,2
4407,1,-2,1,1
4408,1,0,12,4
4409,6,0,2,3
4410,5,0,3,4
4411,7,0,4,3
4412,2,0,1,2
4413,2,0,4,1
4414,7,0,2,3
4415,8,0,2,1
4416,6,0,4,3
4417,4,0,4,2
4418,4,0,4,3
4419,2,0,4,4
4420,3,0,1,1
4421,8,0,4,2
4422,3,0,4,2
4423,3,-2,2,1
4424,2,0,1,3
4425,7,0,5,3
4426,8,-2,1,1
4427,2,-2,2,1
4428,2,0,2,2
4429,4,-2,2,4
4430,6,0,4,1
4431,8,0,4,1
4432,1,0,5,4
4433,3,0,2,4
4434,2,0,1,2
4435,8,0,4,4
4436,3,0,2,4
4437,8,0,5,2
4438,2,0,2,3
4439,4,0,2,3
4440,1,-2,1,1
4441,4,-2,2,1
4442,7,0,2,2
4443,1,-2,6,4
4444,2,0,1,1
4445,4,0,1,1
4446,7,1,4,4
4447,6,0,3,2
4448,4,-2,2,2
4449,6,0,6,4
4450,1,0,1,2
4451,4,0,2,3
4452,8,0,2,4
4453,1,0,2,3
4454,2,0,2,2
4455,6,0,4,4
4456,2,0,2,2
4457,7,0,3,2
4458,2,0,1,2
4459,2,0,2,3
4460,1,0,1,1
4461,3,-2,4,3
4462,1,0,1,3
4463,4,0,5,4
4464,3,-2,3,3
4465,2,0,4,4
4466,5,0,2,2
4467,5,0,2,4
4468,5,0,2,1
4469,5,0,5,4
4470,4,0,2,1
4471,2,0,1,4
4472,8,-2,2,1
4473,5,0,2,4
4474,1,-2,1,1
4475,2,0,1,1
4476,1,-2,2,1
4477,4,0,2,2
4478,5,0,4,3
4479,1,-2,1,1
4480,1,-2,3,1
4481,8,0,5,4
4482,1,0,3,2
4483,4,0,2,4
4484,2,0,2,3
4485,1,0,3,4
4486,3,-2,3,1
4487,7,0,3,3
4488,4,-2,1,2
4489,8,0,2,4
4490,8,0,5,4
4491,1,-2,1,2
4492,6,0,3,3
4493,2,-2,3,3
4494,4,0,4,3
4495,2,0,2,2
4496,1,0,3,4
4497,1,-2,2,1
4498,4,0,2,2
4499,8,0,3,1
4500,6,0,4,3
4501,4,0,1,1
4502,5,0,5,4
4503,6,0,4,3
4504,4,0,2,2
4505,5,0,2,3
4506,4,0,5,3
4507,5,0,3,3
4508,1,-2,1,1
4509,2,0,3,2
4510,4,0,2,4
4511,8,0,2,3
4512,8,0,4,4
4513,7,0,2,2
4514,7,0,2,3
4515,3,0,4,3
4516,4,0,1,4
4517,2,0,2,2
4518,4,-2,2,1
4519,2,0,1,1
4520,8,1,2,3
4521,2,0,2,3
4522,5,0,3,3
4523,3,0,2,3
4524,4,-2,1,1
4525,3,0,5,3
4526,7,0,3,1
4527,8,0,2,3
4528,4,0,2,2
4529,2,0,3,4
4530,4,0,3,2
4531,1,0,4,2
4532,3,0,3,3
4533,3,0,2,4
4534,4,0,2,2
4535,3,0,2,3
4536,3,0,5,4
4537,8,0,2,1
4538,1,-2,2,4
4539,3,0,3,2
4540,6,0,4,3
4541,8,1,2,2
4542,8,0,8,3
4543,2,0,2,1
4544,4,0,5,4
4545,2,0,2,2
4546,3,0,2,4
4547,8,0,4,4
4548,2,0,2,4
4549,2,-2,2,1
4550,2,0,4,2
4551,2,0,3,4
4552,4,0,2,3
4553,3,-2,1,1
4554,2,0,2,4
4555,6,0,1,2
4556,6,0,2,4
4557,1,-2,1,1
4558,5,0,4,2
4559,7,0,4,4
4560,8,0,1,1
4561,2,0,2,4
4562,3,0,3,4
4563,5,0,3,4
4564,6,1,2,4
4565,1,0,5,4
4566,4,-2,3,3
4567,4,0,1,3
4568,3,0,5,4
4569,7,0,2,1
4570,2,0,2,1
4571,2,0,2,4
4572,1,0,5,3
4573,1,-2,1,1
4574,5,0,4,2
4575,5,0,2,4
4576,5,0,2,3
4577,1,0,3,3
4578,5,0,2,3
4579,2,0,3,4
4580,4,0,4,3
4581,2,-2,1,1
4582,2,-2,1,1
4583,5,0,4,3
4584,2,0,4,3
4585,6,0,4,4
4586,4,0,2,2
4587,2,-2,1,1
4588,5,0,1,2
4589,2,-2,1,1
4590,4,0,4,3
4591,2,-2,1,1
4592,2,0,2,3
4593,5,0,5,4
4594,4,-2,1,1
4595,3,0,1,4
4596,5,0,3,2
4597,2,0,2,2
4598,3,0,9,1
4599,4,0,2,2
4600,1,0,1,1
4601,2,-2,4,3
4602,1,0,1,3
4603,2,0,2,3
4604,2,0,3,3
4605,1,-2,1,1
4606,1,-2,1,1
4607,6,-2,1,1
4608,3,0,2,4
4609,2,0,2,4
4610,8,0,4,1
4611,3,0,3,3
4612,4,0,2,4
4613,5,0,4,4
4614,7,0,3,4
4615,1,0,1,4
4616,1,-2,1,1
4617,5,0,3,3
4618,1,-2,1,1
4619,2,-2,1,4
4620,2,0,1,3
4621,2,0,2,3
4622,2,0,4,2
4623,6,0,2,3
4624,3,0,4,1
4625,3,0,2,4
4626,2,0,1,1
4627,8,0,3,2
4628,8,1,3,3
4629,3,-2,2,1
4630,4,0,2,4
4631,5,0,2,3
4632,3,0,5,4
4633,7,0,2,1
4634,1,-2,2,4
4635,8,0,4,4
4636,8,0,2,4
4637,8,0,1,3
4638,8,0,2,3
4639,6,0,3,3
4640,2,0,2,4
4641,2,-2,2,1
4642,8,0,2,1
4643,2,-2,3,2
4644,2,-2,2,3
4645,2,0,1,2
4646,6,0,2,2
4647,5,0,4,4
4648,6,-2,2,2
4649,4,-2,3,3
4650,4,0,4,3
4651,8,0,4,3
4652,1,0,2,4
4653,3,0,6,2
4654,1,0,1,2
4655,3,0,1,2
4656,1,-2,5,2
4657,2,0,3,1
4658,1,-2,3,2
4659,7,0,5,3
4660,1,0,6,3
4661,4,0,1,2
4662,7,-2,1,2
4663,1,0,1,1
4664,1,-2,3,1
4665,4,0,2,4
4666,7,0,2,4
4667,4,0,2,4
4668,7,-2,3,1
4669,2,-2,2,1
4670,6,-2,3,2
4671,2,0,2,1
4672,2,0,2,3
4673,4,-2,1,1
4674,8,0,8,4
4675,3,0,2,2
4676,4,-2,1,1
4677,3,0,1,4
4678,1,0,6,2
4679,1,0,4,2
4680,3,0,2,3
4681,2,0,2,2
4682,8,0,2,4
4683,2,0,4,1
4684,8,1,2,4
4685,2,0,2,3
4686,8,0,2,3
4687,1,0,2,2
4688,7,0,3,1
4689,6,0,3,4
4690,2,0,2,1
4691,1,0,3,1
4692,4,0,2,4
4693,2,0,1,3
4694,2,0,2,2
4695,1,-2,3,3
4696,3,0,5,1
4697,8,0,2,4
4698,1,0,4,3
4699,7,0,4,4
4700,4,0,2,1
4701,5,-2,2,1
4702,3,0,1,2
4703,1,-2,5,3
4704,3,0,3,2
4705,4,0,4,4
4706,8,0,5,4
4707,8,0,6,4
4708,4,-2,1,1
4709,5,0,4,3
4710,1,-2,3,1
4711,6,0,1,2
4712,5,0,3,3
4713,3,-2,2,3
4714,2,0,4,3
4715,4,0,3,4
4716,1,0,1,2
4717,4,0,3,4
4718,3,0,3,2
4719,3,-2,3,1
4720,8,0,2,1
4721,2,-2,2,1
4722,6,0,4,4
4723,3,0,1,1
4724,8,0,6,3
4725,7,0,7,4
4726,3,-2,2,2
4727,3,0,2,1
4728,2,0,2,3
4729,5,0,3,1
4730,5,0,5,4
4731,1,-2,4,3
4732,5,0,2,2
4733,5,-2,2,2
4734,2,-2,2,1
4735,2,-2,1,1
4736,6,0,3,4
4737,6,0,3,3
4738,8,-2,5,2
4739,8,0,2,4
4740,2,0,6,4
4741,8,0,3,3
4742,1,-2,3,3
4743,4,0,2,3
4744,2,0,2,2
4745,2,0,2,3
4746,2,-2,2,1
4747,5,0,2,2
4748,7,0,3,3
4749,5,0,6,4
4750,1,0,3,2
4751,2,0,1,1
4752,1,0,1,4
4753,1,-2,2,1
4754,7,0,2,4
4755,5,0,2,2
4756,2,0,1,1
4757,3,0,2,2
4758,3,0,4,4
4759,5,-2,2,1
4760,2,0,1,2
4761,2,-2,3,1
4762,2,0,3,4
4763,2,0,3,2
4764,2,-2,2,1
4765,8,0,2,2
4766,1,-2,1,1
4767,8,0,3,3
4768,1,0,3,2
4769,1,-2,1,1
4770,2,-2,3,1
4771,1,-2,1,2
4772,3,0,1,2
4773,5,0,3,3
4774,2,0,2,4
4775,4,-2,2,1
4776,4,0,2,4
4777,2,-2,3,2
4778,3,0,2,3
4779,6,0,2,4
4780,4,0,3,1
4781,5,0,1,4
4782,3,0,3,3
4783,5,0,5,3
4784,5,0,3,3
4785,2,0,2,1
4786,2,0,4,4
4787,5,0,2,3
4788,3,-2,2,1
4789,1,0,4,4
4790,8,0,1,3
4791,6,-2,1,1
4792,4,0,3,2
4793,1,-2,2,3
4794,1,-2,2,2
4795,2,-2,1,1
4796,3,0,6,3
4797,5,0,3,3
4798,1,-2,1,1
4799,5,0,2,4
4800,8,0,3,3
4801,1,0,2,2
4802,2,0,1,1
4803,3,0,2,3
4804,1,0,2,4
4805,8,0,1,2
4806,1,-2,3,1
4807,2,0,2,3
4808,5,0,1,1
4809,1,0,2,1
4810,1,-2,1,3
4811,3,0,2,4
4812,5,0,1,3
4813,6,0,2,4
4814,1,0,2,2
4815,1,-2,6,4
4816,3,0,1,1
4817,8,0,2,4
4818,4,-2,1,2
4819,6,0,3,4
4820,1,0,1,2
4821,5,0,2,4
4822,3,0,1,1
4823,4,0,1,1
4824,4,0,1,4
4825,3,0,3,4
4826,6,0,4,3
4827,5,-2,2,1
4828,2,-2,2,2
4829,4,0,3,4
4830,2,0,2,3
4831,8,-2,2,1
4832,1,-2,1,2
4833,1,-2,1,2
4834,3,0,2,2
4835,1,0,1,3
4836,5,0,3,4
4837,1,0,5,3
4838,1,-2,1,1
4839,3,0,2,4
4840,2,0,1,3
4841,7,0,2,4
4842,3,-2,5,4
4843,1,0,2,1
4844,5,0,7,4
4845,2,0,3,1
4846,1,0,1,1
4847,2,0,3,4
4848,6,0,5,3
4849,3,0,2,1
4850,3,0,2,2
4851,2,0,2,2
4852,2,-2,1,1
4853,1,0,5,2
4854,2,0,4,3
4855,2,0,1,4
4856,8,0,6,3
4857,1,0,1,1
4858,3,0,1,2
4859,1,-2,1,1
4860,2,-2,3,4
4861,3,0,3,3
4862,4,0,2,2
4863,3,0,1,3
4864,1,0,2,2
4865,8,0,3,4
4866,4,0,5,4
4867,2,0,2,4
4868,2,0,1,2
4869,3,0,2,3
4870,5,0,3,2
4871,8,0,4,3
4872,2,0,2,2
4873,3,0,2,4
4874,7,0,4,1
4875,4,0,2,3
4876,4,0,2,2
4877,8,0,2,3
4878,2,0,2,3
4879,2,0,3,3
4880,2,0,1,3
4881,4,0,2,4
4882,6,0,2,4
4883,8,0,5,3
4884,5,0,2,2
4885,6,0,2,4
4886,2,-2,5,1
4887,4,-2,1,1
4888,1,0,1,1
4889,2,0,2,3
4890,1,0,1,4
4891,2,0,1,2
4892,8,0,4,2
4893,8,0,6,4
4894,2,0,4,4
4895,6,0,2,4
4896,2,0,2,4
4897,3,0,3,4
4898,6,0,3,3
4899,5,0,8,4
4900,4,0,2,1
4901,1,0,2,4
4902,2,0,2,1
4903,4,0,2,2
4904,2,0,2,4
4905,6,0,4,1
4906,5,0,2,1
4907,3,0,2,4
4908,4,0,2,3
4909,1,0,3,4
4910,4,0,2,2
4911,8,0,5,4
4912,5,0,2,1
4913,7,0,2,3
4914,3,0,2,3
4915,3,0,1,2
4916,7,0,3,2
4917,6,0,5,3
4918,2,0,6,2
4919,2,0,7,4
4920,1,0,1,1
4921,2,-2,3,2
4922,4,0,4,4
4923,8,1,2,2
4924,4,0,5,2
4925,4,0,4,3
4926,2,0,2,3
4927,1,-2,3,3
4928,8,0,2,3
4929,2,0,2,3
4930,8,0,3,1
4931,3,0,1,1
4932,1,0,1,2
4933,1,0,7,3
4934,5,0,4,3
4935,3,0,1,1
4936,1,0,2,3
4937,3,0,4,4
4938,7,0,2,2
4939,8,0,2,2
4940,1,-2,6,1
4941,1,-2,1,1
4942,3,0,4,2
4943,3,-2,2,1
4944,5,0,4,4
4945,8,0,4,4
4946,4,0,7,4
4947,2,0,7,4
4948,8,-2,3,4
4949,8,0,3,4
4950,3,0,4,4
4951,2,-2,3,1
4952,4,-2,2,1
4953,1,-2,1,3
4954,5,0,2,1
4955,4,0,2,3
4956,2,0,3,3
4957,8,0,4,3
4958,5,0,4,3
4959,4,0,4,3
4960,2,0,1,1
4961,3,0,3,4
4962,6,0,2,4
4963,4,0,3,3
4964,6,0,5,3
4965,2,0,2,3
4966,1,-2,1,1
4967,2,0,1,2
4968,7,0,3,2
4969,2,0,1,1
4970,5,0,2,3
4971,2,-2,3,1
4972,2,0,1,1
4973,2,0,3,2
4974,8,0,3,4
4975,2,0,1,1
4976,1,-2,5,1
4977,2,-2,2,1
4978,1,0,3,4
4979,8,0,3,4
4980,3,0,3,3
4981,8,1,6,4
4982,6,0,2,1
4983,3,0,2,3
4984,2,0,2,4
4985,4,0,3,3
4986,3,0,1,1
4987,3,0,2,3
4988,4,0,2,4
4989,8,0,4,4
4990,3,0,2,2
4991,3,0,2,4
4992,7,0,3,2
4993,2,-2,1,1
4994,5,0,1,1
4995,3,0,3,3
4996,3,0,2,3
4997,2,0,6,3
4998,2,-2,2,1
4999,2,0,1,3
5000,1,-2,2,2
5001,5,0,1,1
5002,5,0,2,1
5003,8,0,1,2
5004,1,-2,3,2
5005,5,0,4,1
5006,2,0,1,1
5007,2,0,2,2
5008,1,0,5,3
5009,7,0,2,3
5010,7,0,1,4
5011,3,-2,5,2
5012,3,-2,5,3
5013,2,0,1,2
5014,1,0,1,2
5015,5,0,2,3
5016,8,0,7,4
5017,2,0,2,4
5018,3,0,2,2
5019,4,0,4,3
5020,1,0,1,1
5021,4,0,2,2
5022,6,0,4,4
5023,2,0,6,1
5024,2,0,4,3
5025,3,-2,4,1
5026,2,-2,6,1
5027,2,-2,1,1
5028,7,0,2,1
5029,5,0,5,2
5030,8,0,2,4
5031,3,0,3,4
5032,4,0,3,4
5033,5,0,1,1
5034,5,0,2,3
5035,8,0,2,4
5036,2,-2,3,4
5037,1,0,2,2
5038,3,0,2,1
5039,1,0,5,4
5040,1,0,3,2
5041,2,0,4,2
5042,4,0,1,3
5043,8,0,4,2
5044,2,-2,5,2
5045,3,-2,3,1
5046,2,0,1,3
5047,2,0,2,3
5048,5,0,2,1
5049,3,0,2,2
5050,5,0,2,3
5051,1,0,1,3
5052,5,-2,4,1
5053,5,0,1,1
5054,5,0,3,4
5055,3,0,3,3
5056,2,0,3,2
5057,1,0,2,4
5058,3,0,3,3
5059,2,0,2,2
5060,2,0,2,2
5061,5,-2,2,1
5062,2,0,1,1
5063,3,0,2,4
5064,1,-2,1,1
5065,2,-2,1,2
5066,2,-2,4,1
5067,4,0,2,3
5068,8,0,3,3
5069,3,-2,1,2
5070,2,0,1,1
5071,2,0,5,4
5072,5,0,1,2
5073,6,0,2,3
5074,1,0,6,2
5075,1,-2,1,2
5076,7,0,2,1
5077,1,0,3,3
5078,3,0,3,2
5079,8,0,1,1
5080,1,-2,3,4
5081,2,0,1,1
5082,2,0,2,1
5083,2,0,4,2
5084,5,0,4,2
5085,4,0,3,4
5086,8,0,3,4
5087,2,0,2,1
5088,4,0,2,1
5089,2,0,1,1
5090,2,0,6,4
5091,2,0,2,3
5092,6,0,2,2
5093,8,0,3,1
5094,4,0,2,4
5095,2,0,1,3
5096,3,0,2,4
5097,2,0,1,1
5098,4,0,6,3
5099,6,0,4,4
5100,3,-2,1,2
5101,1,-2,4,3
5102,4,0,2,4
5103,1,0,1,2
5104,2,0,1,2
5105,3,0,3,1
5106,3,0,6,1
5107,1,-2,2,2
5108,3,0,2,3
5109,1,0,3,1
5110,3,0,2,3
5111,3,0,1,1
5112,2,0,3,1
5113,6,0,6,2
5114,8,0,1,2
5115,3,0,2,3
5116,5,0,3,2
5117,7,0,2,2
5118,5,0,3,3
5119,5,0,1,1
5120,4,-2,2,2
5121,8,0,5,4
5122,5,0,2,2
5123,3,0,3,2
5124,3,0,4,4
5125,2,0,2,3
5126,1,-2,1,1
5127,7,0,4,2
5128,4,0,2,2
5129,6,0,6,4
5130,4,0,2,1
5131,6,0,3,3
5132,5,0,2,2
5133,4,0,1,1
5134,5,0,4,2
5135,4,0,2,3
5136,3,0,1,3
5137,1,-2,1,2
5138,2,0,1,3
5139,2,0,2,4
5140,1,0,2,2
5141,3,0,3,3
5142,2,-2,1,1
5143,4,0,3,3
5144,2,0,2,3
5145,3,0,7,3
5146,4,0,2,4
5147,4,0,4,4
5148,3,-2,5,4
5149,2,0,3,3
5150,8,-2,2,3
5151,2,-2,8,4
5152,5,0,4,4
5153,2,0,1,2
5154,8,0,5,4
5155,3,0,4,1
5156,2,-2,4,3
5157,5,-2,2,2
5158,1,-2,3,1
5159,6,1,2,3
5160,3,0,1,2
5161,4,0,4,4
5162,2,0,1,1
5163,2,0,1,2
5164,3,0,2,4
5165,8,1,4,4
5166,1,0,5,4
5167,8,0,2,3
5168,6,-2,2,1
5169,4,0,3,2
5170,1,0,1,2
5171,7,0,2,4
5172,8,0,2,1
5173,5,0,2,1
5174,7,0,4,4
5175,8,0,2,4
5176,6,0,2,2
5177,2,-2,3,1
5178,5,-2,3,1
5179,3,0,4,4
5180,5,0,2,1
5181,3,0,2,2
5182,8,1,4,2
5183,4,-2,5,1
5184,4,-2,2,1
5185,5,1,4,1
5186,1,0,2,3
5187,4,0,2,3
5188,4,-2,1,3
5189,8,0,4,3
5190,8,1,3,3
5191,3,0,1,3
5192,3,-2,1,3
5193,2,0,1,4
5194,2,0,2,4
5195,7,0,3,1
5196,8,0,2,4
5197,8,0,1,3
5198,5,0,7,3
5199,7,0,3,4
5200,3,0,3,3
5201,2,0,3,3
5202,6,0,4,4
5203,5,0,2,2
5204,7,0,1,2
5205,2,0,2,2
5206,5,-2,1,3
5207,1,0,3,3
5208,1,0,2,4
5209,2,0,2,2
5210,4,-2,2,2
5211,2,-2,3,1
5212,6,0,4,2
5213,3,0,1,3
5214,8,0,3,4
5215,3,0,1,2
5216,4,0,2,2
5217,3,0,5,2
5218,1,0,3,3
5219,8,0,5,3
5220,3,0,2,4
5221,6,0,3,3
5222,3,0,3,2
5223,2,0,5,1
5224,3,-2,4,1
5225,2,0,1,2
5226,5,0,4,4
5227,3,-2,2,1
5228,8,0,4,3
5229,1,0,5,4
5230,2,-2,2,1
5231,4,0,4,4
5232,1,0,4,4
5233,4,-2,2,1
5234,6,0,3,4
5235,3,0,2,4
5236,3,0,4,4
5237,7,-2,2,2
5238,4,0,1,3
5239,1,0,1,2
5240,8,-2,2,1
5241,2,-2,2,1
5242,1,0,1,1
5243,1,0,3,1
5244,8,0,2,4
5245,6,0,4,4
5246,6,0,6,4
5247,1,0,4,2
5248,8,0,4,3
5249,6,0,2,2
5250,4,0,4,4
5251,2,0,2,2
5252,5,0,3,2
5253,5,0,4,3
5254,5,0,2,3
5255,5,-2,2,2
5256,4,0,2,4
5257,2,-2,2,3
5258,2,0,2,3
5259,1,0,4,1
5260,1,-2,2,1
5261,2,0,1,1
5262,2,0,1,1
5263,1,0,2,3
5264,6,0,5,4
5265,7,0,1,4
5266,8,0,4,4
5267,5,0,2,3
5268,1,-2,2,1
5269,6,-2,2,3
5270,8,0,3,1
5271,1,-2,2,2
5272,8,-2,2,1
5273,4,-2,1,1
5274,2,0,3,2
5275,2,0,5,4
5276,4,0,1,2
5277,2,0,2,4
5278,8,0,2,2
5279,1,0,2,3
5280,7,0,8,4
5281,1,-2,1,2
5282,4,-2,1,2
5283,6,0,2,4
5284,3,-2,1,1
5285,8,0,5,4
5286,6,0,3,2
5287,1,0,5,3
5288,8,0,2,1
5289,1,0,5,4
5290,2,0,4,3
5291,1,0,2,4
5292,4,0,6,4
5293,6,0,1,1
5294,2,-2,1,3
5295,8,0,2,4
5296,2,0,2,3
5297,1,0,5,2
5298,8,0,2,1
5299,4,-2,1,2
5300,8,0,2,2
5301,3,0,2,4
5302,4,0,2,4
5303,4,0,1,1
5304,7,0,2,1
5305,7,-2,2,3
5306,1,-2,1,1
5307,6,0,4,4
5308,4,0,2,4
5309,3,0,6,2
5310,3,0,2,4
5311,5,0,4,1
5312,5,0,4,4
5313,1,0,2,2
5314,2,-2,2,2
5315,5,0,2,3
5316,3,-2,4,1
5317,6,0,3,2
5318,3,-2,2,3
5319,2,0,4,3
5320,6,0,2,3
5321,8,0,4,2
5322,3,0,2,4
5323,4,0,2,2
5324,2,-2,1,1
5325,3,0,4,4
5326,2,0,3,1
5327,6,0,6,3
5328,3,-2,2,2
5329,5,-2,1,1
5330,3,0,5,4
5331,8,0,2,4
5332,2,0,1,2
5333,8,0,2,3
5334,4,0,4,4
5335,1,0,4,4
5336,5,0,4,4
5337,1,0,2,1
5338,1,0,2,4
5339,6,0,2,4
5340,1,0,4,1
5341,6,0,2,2
5342,4,0,3,2
5343,1,0,1,1
5344,1,0,2,2
5345,2,0,1,1
5346,8,0,3,2
5347,3,0,2,1
5348,2,0,2,3
5349,2,0,3,1
5350,1,0,1,1
5351,6,0,2,4
5352,1,-2,6,3
5353,3,0,1,2
5354,8,1,2,3
5355,4,0,3,4
5356,2,0,3,4
5357,2,0,5,4
5358,1,-2,1,1
5359,6,-2,1,2
5360,8,0,4,4
5361,6,-2,2,1
5362,1,0,3,2
5363,3,0,2,3
5364,1,-2,1,2
5365,4,0,3,2
5366,1,-2,1,1
5367,2,0,2,2
5368,2,-2,2,1
5369,2,-2,3,3
5370,1,0,3,2
5371,1,-2,1,1
5372,1,0,2,3
5373,1,0,2,4
5374,7,0,5,3
5375,2,0,2,2
5376,2,0,2,2
5377,1,0,2,2
5378,2,0,1,4
5379,1,0,2,3
5380,2,0,3,2
5381,2,-2,1,1
5382,3,0,2,2
5383,4,0,3,1
5384,8,1,4,3
5385,2,0,2,3
5386,8,1,4,4
5387,1,0,3,4
5388,7,0,2,2
5389,2,0,1,1
5390,4,-2,3,1
5391,4,0,2,3
5392,3,0,4,4
5393,5,0,5,2
5394,8,1,5,4
5395,1,0,4,4
5396,2,0,1,2
5397,1,-2,4,1
5398,1,-2,1,1
5399,3,-2,2,1
5400,2,0,2,4
5401,1,0,2,3
5402,2,0,3,3
5403,2,-2,2,1
5404,4,-2,4,3
5405,1,0,1,3
5406,8,0,6,3
5407,6,0,2,2
5408,7,0,2,3
5409,4,-2,3,3
5410,4,0,2,2
5411,6,0,4,3
5412,3,0,4,2
5413,1,0,1,3
5414,5,0,2,1
5415,1,0,1,1
5416,8,0,4,2
5417,1,0,2,4
5418,8,-2,2,1
5419,2,-2,5,2
5420,4,0,1,2
5421,1,-2,1,1
5422,2,0,2,2
5423,1,-2,2,2
5424,3,0,1,1
5425,2,-2,4,1
5426,1,-2,4,1
5427,4,0,3,3
5428,8,0,2,4
5429,4,0,4,3
5430,4,0,4,4
5431,2,0,1,4
5432,8,0,3,4
5433,1,0,1,3
5434,4,0,4,2
5435,3,0,1,4
5436,6,0,6,4
5437,2,0,3,2
5438,6,0,3,2
5439,1,0,2,3
5440,4,0,2,3
5441,3,0,5,4
5442,3,0,2,4
5443,1,0,2,3
5444,3,0,2,4
5445,1,-2,4,1
5446,2,0,4,1
5447,2,0,2,4
5448,8,0,3,3
5449,1,-2,2,1
5450,4,-2,4,4
5451,1,-2,1,1
5452,2,0,2,3
5453,2,-2,4,2
5454,4,-2,3,1
5455,2,-2,4,1
5456,3,0,2,2
5457,2,-2,4,2
5458,3,0,8,4
5459,4,-2,2,1
5460,8,0,4,3
5461,2,0,4,2
5462,6,0,4,1
5463,2,0,1,1
5464,3,0,2,3
5465,1,0,3,1
5466,2,0,3,2
5467,7,0,2,2
5468,3,-2,4,4
5469,7,0,2,4
5470,2,0,2,3
5471,2,-2,1,2
5472,6,0,3,4
5473,4,0,2,4
5474,4,-2,1,1
5475,1,-2,1,1
5476,8,-2,2,1
5477,2,0,5,2
5478,3,0,3,3
5479,4,0,1,2
5480,3,0,2,3
5481,2,0,3,4
5482,5,-2,3,2
5483,4,0,4,3
5484,2,-2,1,1
5485,8,0,2,1
5486,5,0,4,2
5487,8,0,3,1
5488,5,-2,2,3
5489,3,0,2,1
5490,3,0,1,1
5491,8,0,3,4
5492,2,0,1,2
5493,3,0,4,2
5494,2,0,2,4
5495,6,-2,3,1
5496,3,0,4,4
5497,3,-2,1,2
5498,8,0,2,2
5499,4,0,7,4
5500,4,0,2,1
5501,8,0,1,3
5502,1,0,2,2
5503,5,0,4,3
5504,1,-2,3,1
5505,3,0,5,3
5506,5,0,2,2
5507,1,-2,3,1
5508,5,0,3,2
5509,4,0,2,2
5510,1,-2,1,1
5511,5,0,2,3
5512,3,0,1,2
5513,2,-2,2,2
5514,2,-2,2,1
5515,1,-2,1,2
5516,1,-2,2,2
5517,5,0,2,4
5518,7,0,2,4
5519,5,0,2,2
5520,5,0,3,3
5521,5,0,2,3
5522,1,-2,1,1
5523,2,0,4,2
5524,1,-2,4,1
5525,1,-2,1,1
5526,5,-2,1,3
5527,8,0,3,3
5528,6,0,4,3
5529,1,-2,1,3
5530,3,0,2,4
5531,5,0,2,3
5532,1,-2,1,1
5533,8,0,4,4
5534,7,0,5,1
5535,3,0,2,2
5536,1,0,1,1
5537,2,0,6,2
5538,5,-2,1,1
5539,1,0,2,4
5540,1,-2,4,1
5541,1,-2,2,3
5542,7,0,3,2
5543,3,0,2,4
5544,4,0,2,4
5545,4,0,2,1
5546,3,0,4,4
5547,8,0,6,4
5548,1,0,2,2
5549,1,-2,1,1
5550,7,0,3,4
5551,7,-2,1,1
5552,4,0,2,2
5553,3,0,6,4
5554,8,0,6,3
5555,2,0,2,1
5556,2,-2,1,1
5557,2,-2,1,1
5558,2,0,2,3
5559,6,0,4,4
5560,8,0,6,4
5561,1,-2,2,2
5562,1,0,5,3
5563,1,-2,2,4
5564,5,0,2,3
5565,3,0,2,2
5566,1,-2,1,1
5567,5,0,3,2
5568,2,0,2,3
5569,2,0,4,4
5570,2,0,1,1
5571,3,-2,1,1
5572,8,-2,3,2
5573,8,0,2,1
5574,3,0,1,1
5575,2,0,3,2
5576,1,0,1,4
5577,4,0,5,4
5578,8,1,4,2
5579,7,0,3,2
5580,7,0,1,2
5581,2,-2,3,4
5582,6,0,2,3
5583,1,0,2,3
5584,4,0,2,4
5585,7,0,2,2
5586,4,0,5,2
5587,2,0,2,3
5588,5,0,1,1
5589,8,-2,2,2
5590,2,0,1,3
5591,4,0,3,2
5592,1,0,2,1
5593,7,0,2,1
5594,4,-2,4,1
5595,5,0,3,4
5596,2,0,1,2
5597,3,0,2,4
5598,8,0,3,2
5599,2,0,4,3
5600,2,-2,3,3
5601,6,-2,2,1
5602,8,0,2,4
5603,1,-2,1,1
5604,8,0,6,4
5605,2,0,1,2
5606,7,0,4,3
5607,4,0,3,1
5608,8,0,4,4
5609,3,0,1,2
5610,1,-2,2,2
5611,7,0,4,4
5612,4,0,2,2
5613,3,0,4,3
5614,1,0,1,2
5615,4,0,1,3
5616,3,0,2,3
5617,2,0,3,4
5618,4,0,4,2
5619,4,0,2,2
5620,5,0,6,4
5621,3,0,3,1
5622,4,0,2,4
5623,3,0,6,1
5624,7,0,3,3
5625,8,0,4,1
5626,6,0,5,4
5627,6,-2,2,1
5628,5,0,4,3
5629,3,0,2,3
5630,2,0,2,2
5631,5,0,3,1
5632,4,0,4,4
5633,8,0,4,2
5634,4,0,2,3
5635,2,0,9,2
5636,5,0,2,3
5637,2,0,2,3
5638,4,0,5,4
5639,2,-2,1,2
5640,1,-2,2,1
5641,2,-2,3,3
5642,1,0,5,1
5643,2,0,1,3
5644,5,0,2,1
5645,4,0,2,2
5646,4,0,3,1
5647,5,0,2,2
5648,1,-2,4,3
5649,2,0,5,3
5650,4,-2,2,1
5651,1,0,2,1
5652,8,0,2,3
5653,2,0,1,1
5654,4,0,2,2
5655,3,0,8,1
5656,3,0,2,1
5657,8,0,2,1
5658,4,0,3,4
5659,2,-2,5,1
5660,3,0,4,2
5661,3,0,6,4
5662,1,-2,1,1
5663,2,0,5,4
5664,2,0,2,3
5665,8,0,4,4
5666,3,0,2,3
5667,2,0,1,3
5668,1,-2,6,1
5669,4,0,1,1
5670,4,0,2,1
5671,3,0,2,3
5672,4,-2,3,3
5673,8,0,2,4
5674,7,0,3,2
5675,1,0,1,3
5676,8,0,2,4
5677,2,0,2,3
5678,2,0,1,1
5679,3,0,2,4
5680,3,0,4,4
5681,1,-2,1,1
5682,2,0,2,1
5683,1,-2,1,1
5684,4,0,2,3
5685,2,-2,1,3
